Workbook
Name AllTeams: Lists!$A$2:$A$49
Name GroupA_Teams: Lists!$B$2:$B$5
Name GroupB_Teams: Lists!$C$2:$C$5
Name GroupC_Teams: Lists!$D$2:$D$5
Name GroupD_Teams: Lists!$E$2:$E$5
Name GroupE_Teams: Lists!$F$2:$F$5
Name GroupF_Teams: Lists!$G$2:$G$5
Name GroupG_Teams: Lists!$H$2:$H$5
Name GroupH_Teams: Lists!$I$2:$I$5
Name GroupI_Teams: Lists!$J$2:$J$5
Name GroupJ_Teams: Lists!$K$2:$K$5
Name GroupK_Teams: Lists!$L$2:$L$5
Name GroupL_Teams: Lists!$M$2:$M$5
Name KO_Final: Lists!$AS$2:$AS$3
Name KO_QF_1: Lists!$AM$2:$AM$3
Name KO_QF_2: Lists!$AN$2:$AN$3
Name KO_QF_3: Lists!$AO$2:$AO$3
Name KO_QF_4: Lists!$AP$2:$AP$3
Name KO_R16_1: Lists!$AE$2:$AE$3
Name KO_R16_2: Lists!$AF$2:$AF$3
Name KO_R16_3: Lists!$AG$2:$AG$3
Name KO_R16_4: Lists!$AH$2:$AH$3
Name KO_R16_5: Lists!$AI$2:$AI$3
Name KO_R16_6: Lists!$AJ$2:$AJ$3
Name KO_R16_7: Lists!$AK$2:$AK$3
Name KO_R16_8: Lists!$AL$2:$AL$3
Name KO_R32_M73: Lists!$O$2:$O$3
Name KO_R32_M74: Lists!$P$2:$P$3
Name KO_R32_M75: Lists!$Q$2:$Q$3
Name KO_R32_M76: Lists!$R$2:$R$3
Name KO_R32_M77: Lists!$S$2:$S$3
Name KO_R32_M78: Lists!$T$2:$T$3
Name KO_R32_M79: Lists!$U$2:$U$3
Name KO_R32_M80: Lists!$V$2:$V$3
Name KO_R32_M81: Lists!$W$2:$W$3
Name KO_R32_M82: Lists!$X$2:$X$3
Name KO_R32_M83: Lists!$Y$2:$Y$3
Name KO_R32_M84: Lists!$Z$2:$Z$3
Name KO_R32_M85: Lists!$AA$2:$AA$3
Name KO_R32_M86: Lists!$AB$2:$AB$3
Name KO_R32_M87: Lists!$AC$2:$AC$3
Name KO_R32_M88: Lists!$AD$2:$AD$3
Name KO_SF_1: Lists!$AQ$2:$AQ$3
Name KO_SF_2: Lists!$AR$2:$AR$3
Name KO_Third: Lists!$AT$2:$AT$3

Sheet Instructions & Rules
A1: FIFA World Cup 2026 Prediction Game Workbook
J3: Scoring item | K3: Points | M3: Team lookup for dropdowns | O3: Yes/No list
A4: Ready-to-use workbook structure for a private friends' pool. Update the official team names first, then collect predictions round by round. | B4: Ready-to-use workbook structure for a private friends' pool. Update the official team names first, then collect predictions round by round. | C4: Ready-to-use workbook structure for a private friends' pool. Update the official team names first, then collect predictions round by round. | D4: Ready-to-use workbook structure for a private friends' pool. Update the official team names first, then collect predictions round by round. | E4: Ready-to-use workbook structure for a private friends' pool. Update the official team names first, then collect predictions round by round. | F4: Ready-to-use workbook structure for a private friends' pool. Update the official team names first, then collect predictions round by round. | G4: Ready-to-use workbook structure for a private friends' pool. Update the official team names first, then collect predictions round by round. | H4: Ready-to-use workbook structure for a private friends' pool. Update the official team names first, then collect predictions round by round. | J4: Group exact 1st place | K4: 4 | M4: ='Official Results'!C6 -> Mexico | O4: Yes
J5: Group exact 2nd place | K5: 4 | M5: ='Official Results'!C7 -> South Africa | O5: No
A6: Game overview | B6: Game overview | C6: Game overview | D6: Game overview | E6: Game overview | F6: Game overview | G6: Game overview | H6: Game overview | J6: Group wrong-order top 2 | K6: 1 | M6: ='Official Results'!C8 -> Korea Republic
A7: 1 | B7: Official format | C7: 48 teams | D7: 12 groups of 4 | E7: Top 2 in each group + 8 best third-placed teams advance to the Round of 32. | J7: Group qualified 3rd-place team | K7: 2 | M7: ='Official Results'!C9 -> Czechia
A8: 2 | B8: Workflow | C8: Group stage first | D8: Then knockout rounds | E8: Players enter predictions round by round; the workbook scores automatically after results are filled in. | J8: Group exact top-2 bonus | K8: 2 | M8: ='Official Results'!J6 -> Switzerland
A9: 3 | B9: Scoring | C9: Group stage + knockout | D9: Leaderboards + dashboard | E9: Edit the point values in the scoring table at right if you want to tweak the game. | J9: Group full top-3 bonus | K9: 3 | M9: ='Official Results'!J7 -> Canada
J10: Round of 32 correct winner | K10: 2 | M10: ='Official Results'!J8 -> Bosnia and Herzegovina
J11: Round of 16 correct winner | K11: 4 | M11: ='Official Results'!J9 -> Qatar
A12: References and notes | B12: References and notes | C12: References and notes | D12: References and notes | E12: References and notes | F12: References and notes | G12: References and notes | H12: References and notes | J12: Quarter-final correct winner | K12: 8 | M12: ='Official Results'!Q6 -> Brazil
A13: FIFA official format | B13: 48 teams, 12 groups of 4, 8 best third-placed teams | C13: Use the same structure in the workbook. | J13: Semi-final correct winner | K13: 16 | M13: ='Official Results'!Q7 -> Morocco
A14: User reference | B14: Wikipedia page shared in the prompt | C14: Kept as a note for convenience. | J14: Final correct runner-up | K14: 16 | M14: ='Official Results'!Q8 -> Scotland
J15: Champion bonus | K15: 20 | M15: ='Official Results'!Q9 -> Haiti
A16: How to use | B16: How to use | C16: How to use | D16: How to use | E16: How to use | F16: How to use | G16: How to use | H16: How to use | J16: Third-place match winner | K16: 8 | M16: ='Official Results'!X6 -> United States
A17: 1 | B17: Update official team names | C17: Replace the placeholder teams in Official Results first. | M17: ='Official Results'!X7 -> Australia
A18: 2 | B18: Enter player names | C18: Use the Players sheet for up to 20 participants. | M18: ='Official Results'!X8 -> Paraguay
A19: 3 | B19: Collect predictions | C19: Fill each round sheet after the tournament reaches that stage. | M19: ='Official Results'!X9 -> Türkiye
A20: 4 | B20: Add actual results | C20: Enter standings and winners on Official Results; scores update automatically. | M20: ='Official Results'!C13 -> Germany
M21: ='Official Results'!C14 -> Côte d'Ivoire
M22: ='Official Results'!C15 -> Ecuador
M23: ='Official Results'!C16 -> Curaçao
M24: ='Official Results'!J13 -> Netherlands
M25: ='Official Results'!J14 -> Japan
M26: ='Official Results'!J15 -> Sweden
M27: ='Official Results'!J16 -> Tunisia
M28: ='Official Results'!Q13 -> Belgium
M29: ='Official Results'!Q14 -> Egypt
M30: ='Official Results'!Q15 -> IR Iran
M31: ='Official Results'!Q16 -> New Zealand
M32: ='Official Results'!X13 -> Spain
M33: ='Official Results'!X14 -> Cabo Verde
M34: ='Official Results'!X15 -> Uruguay
M35: ='Official Results'!X16 -> Saudi Arabia
M36: ='Official Results'!C20 -> France
M37: ='Official Results'!C21 -> Norway
M38: ='Official Results'!C22 -> Senegal
M39: ='Official Results'!C23 -> Iraq
M40: ='Official Results'!J20 -> Argentina
M41: ='Official Results'!J21 -> Austria
M42: ='Official Results'!J22 -> Algeria
M43: ='Official Results'!J23 -> Jordan
M44: ='Official Results'!Q20 -> Colombia
M45: ='Official Results'!Q21 -> Portugal
M46: ='Official Results'!Q22 -> Congo DR
M47: ='Official Results'!Q23 -> Uzbekistan
M48: ='Official Results'!X20 -> England
M49: ='Official Results'!X21 -> Croatia
M50: ='Official Results'!X22 -> Ghana
M51: ='Official Results'!X23 -> Panama

Sheet Players
A1: Players and entry order
A4: Edit player names here. The workbook supports up to 20 players. | B4: Edit player names here. The workbook supports up to 20 players. | C4: Edit player names here. The workbook supports up to 20 players. | D4: Edit player names here. The workbook supports up to 20 players. | E4: Edit player names here. The workbook supports up to 20 players.
A5: Entry Order | B5: Player Name | C5: Starting Points | D5: Active | E5: Notes
A6: 1 | B6: Febby Yudhi Pratama | C6: 0 | D6: Yes
A7: 2 | B7: Fathan Mauludin | C7: 0 | D7: Yes
A8: 3 | B8: M Fakhri Auladana | C8: 0 | D8: Yes
A9: 4 | B9: Muhammad Naufal Aiman | C9: 0 | D9: Yes
A10: 5 | B10: Ahade | C10: 0 | D10: Yes
A11: 6 | B11: Aldy | C11: 0 | D11: Yes
A12: 7 | B12: Affaninho | C12: 0 | D12: Yes
A13: 8 | B13: Aji | C13: 0 | D13: Yes
A14: 9 | B14: Dausman | C14: 0 | D14: Yes
A15: 10 | B15: Wawa | C15: 0 | D15: Yes
A16: 11 | B16: Player 11 | C16: 0 | D16: Yes
A17: 12 | B17: Player 12 | C17: 0 | D17: Yes
... A25: 20 | B25: Player 20 | C25: 0 | D25: No

Sheet Official Results
A1: Official Results (admin input)
B3: Group A | I3: Group B | P3: Group C | W3: Group D
A4: Enter match scores in the fixtures table below. Only the yellow score cells are editable; standings update automatically. | W4: Group D
B5: Pos | C5: Team | D5: Pts | E5: GD | F5: GF | G5: Qualified? | I5: Pos | J5: Team | K5: Pts | L5: GD | M5: GF | N5: Qualified? | P5: Pos | Q5: Team | R5: Pts | S5: GD | T5: GF | U5: Qualified? | W5: Pos | X5: Team | Y5: Pts | Z5: GD | AA5: GF | AB5: Qualified?
A6: Group stage standings | B6: 1 | C6: =INDEX($B$135:$B$138,MATCH($B6,$L$135:$L$138,0)) -> Mexico | D6: =INDEX($J$135:$J$138,MATCH($B6,$L$135:$L$138,0)) -> 9 | E6: =INDEX($I$135:$I$138,MATCH($B6,$L$135:$L$138,0)) -> 6 | F6: =INDEX($G$135:$G$138,MATCH($B6,$L$135:$L$138,0)) -> 6 | G6: =INDEX($N$135:$N$138,MATCH($B6,$L$135:$L$138,0)) -> Yes | H6: Group stage standings | I6: 1 | J6: =INDEX($B$139:$B$142,MATCH($I6,$L$139:$L$142,0)) -> Switzerland | K6: =INDEX($J$139:$J$142,MATCH($I6,$L$139:$L$142,0)) -> 7 | L6: =INDEX($I$139:$I$142,MATCH($I6,$L$139:$L$142,0)) -> 4 | M6: =INDEX($G$139:$G$142,MATCH($I6,$L$139:$L$142,0)) -> 7 | N6: =INDEX($N$139:$N$142,MATCH($I6,$L$139:$L$142,0)) -> Yes | O6: Group stage standings | P6: 1 | Q6: =INDEX($B$143:$B$146,MATCH($P6,$L$143:$L$146,0)) -> Brazil | R6: =INDEX($J$143:$J$146,MATCH($P6,$L$143:$L$146,0)) -> 7 | S6: =INDEX($I$143:$I$146,MATCH($P6,$L$143:$L$146,0)) -> 6 | T6: =INDEX($G$143:$G$146,MATCH($P6,$L$143:$L$146,0)) -> 7 | U6: =INDEX($N$143:$N$146,MATCH($P6,$L$143:$L$146,0)) -> Yes | W6: 1 | X6: =INDEX($B$147:$B$150,MATCH($W6,$L$147:$L$150,0)) -> United States | Y6: =INDEX($J$147:$J$150,MATCH($W6,$L$147:$L$150,0)) -> 6 | Z6: =INDEX($I$147:$I$150,MATCH($W6,$L$147:$L$150,0)) -> 4 | AA6: =INDEX($G$147:$G$150,MATCH($W6,$L$147:$L$150,0)) -> 8 | AB6: =INDEX($N$147:$N$150,MATCH($W6,$L$147:$L$150,0)) -> Yes
B7: 2 | C7: =INDEX($B$135:$B$138,MATCH($B7,$L$135:$L$138,0)) -> South Africa | D7: =INDEX($J$135:$J$138,MATCH($B7,$L$135:$L$138,0)) -> 4 | E7: =INDEX($I$135:$I$138,MATCH($B7,$L$135:$L$138,0)) -> -1 | F7: =INDEX($G$135:$G$138,MATCH($B7,$L$135:$L$138,0)) -> 2 | G7: =INDEX($N$135:$N$138,MATCH($B7,$L$135:$L$138,0)) -> Yes | I7: 2 | J7: =INDEX($B$139:$B$142,MATCH($I7,$L$139:$L$142,0)) -> Canada | K7: =INDEX($J$139:$J$142,MATCH($I7,$L$139:$L$142,0)) -> 4 | L7: =INDEX($I$139:$I$142,MATCH($I7,$L$139:$L$142,0)) -> 5 | M7: =INDEX($G$139:$G$142,MATCH($I7,$L$139:$L$142,0)) -> 8 | N7: =INDEX($N$139:$N$142,MATCH($I7,$L$139:$L$142,0)) -> Yes | P7: 2 | Q7: =INDEX($B$143:$B$146,MATCH($P7,$L$143:$L$146,0)) -> Morocco | R7: =INDEX($J$143:$J$146,MATCH($P7,$L$143:$L$146,0)) -> 7 | S7: =INDEX($I$143:$I$146,MATCH($P7,$L$143:$L$146,0)) -> 3 | T7: =INDEX($G$143:$G$146,MATCH($P7,$L$143:$L$146,0)) -> 6 | U7: =INDEX($N$143:$N$146,MATCH($P7,$L$143:$L$146,0)) -> Yes | W7: 2 | X7: =INDEX($B$147:$B$150,MATCH($W7,$L$147:$L$150,0)) -> Australia | Y7: =INDEX($J$147:$J$150,MATCH($W7,$L$147:$L$150,0)) -> 4 | Z7: =INDEX($I$147:$I$150,MATCH($W7,$L$147:$L$150,0)) -> 0 | AA7: =INDEX($G$147:$G$150,MATCH($W7,$L$147:$L$150,0)) -> 2 | AB7: =INDEX($N$147:$N$150,MATCH($W7,$L$147:$L$150,0)) -> Yes
B8: 3 | C8: =INDEX($B$135:$B$138,MATCH($B8,$L$135:$L$138,0)) -> Korea Republic | D8: =INDEX($J$135:$J$138,MATCH($B8,$L$135:$L$138,0)) -> 3 | E8: =INDEX($I$135:$I$138,MATCH($B8,$L$135:$L$138,0)) -> -1 | F8: =INDEX($G$135:$G$138,MATCH($B8,$L$135:$L$138,0)) -> 2 | G8: =INDEX($N$135:$N$138,MATCH($B8,$L$135:$L$138,0)) -> No | I8: 3 | J8: =INDEX($B$139:$B$142,MATCH($I8,$L$139:$L$142,0)) -> Bosnia and Herzegovina | K8: =INDEX($J$139:$J$142,MATCH($I8,$L$139:$L$142,0)) -> 4 | L8: =INDEX($I$139:$I$142,MATCH($I8,$L$139:$L$142,0)) -> -1 | M8: =INDEX($G$139:$G$142,MATCH($I8,$L$139:$L$142,0)) -> 5 | N8: =INDEX($N$139:$N$142,MATCH($I8,$L$139:$L$142,0)) -> Yes | P8: 3 | Q8: =INDEX($B$143:$B$146,MATCH($P8,$L$143:$L$146,0)) -> Scotland | R8: =INDEX($J$143:$J$146,MATCH($P8,$L$143:$L$146,0)) -> 3 | S8: =INDEX($I$143:$I$146,MATCH($P8,$L$143:$L$146,0)) -> -3 | T8: =INDEX($G$143:$G$146,MATCH($P8,$L$143:$L$146,0)) -> 1 | U8: =INDEX($N$143:$N$146,MATCH($P8,$L$143:$L$146,0)) -> No | W8: 3 | X8: =INDEX($B$147:$B$150,MATCH($W8,$L$147:$L$150,0)) -> Paraguay | Y8: =INDEX($J$147:$J$150,MATCH($W8,$L$147:$L$150,0)) -> 4 | Z8: =INDEX($I$147:$I$150,MATCH($W8,$L$147:$L$150,0)) -> -2 | AA8: =INDEX($G$147:$G$150,MATCH($W8,$L$147:$L$150,0)) -> 2 | AB8: =INDEX($N$147:$N$150,MATCH($W8,$L$147:$L$150,0)) -> Yes
B9: 4 | C9: =INDEX($B$135:$B$138,MATCH($B9,$L$135:$L$138,0)) -> Czechia | D9: =INDEX($J$135:$J$138,MATCH($B9,$L$135:$L$138,0)) -> 1 | E9: =INDEX($I$135:$I$138,MATCH($B9,$L$135:$L$138,0)) -> -4 | F9: =INDEX($G$135:$G$138,MATCH($B9,$L$135:$L$138,0)) -> 2 | G9: =INDEX($N$135:$N$138,MATCH($B9,$L$135:$L$138,0)) -> No | I9: 4 | J9: =INDEX($B$139:$B$142,MATCH($I9,$L$139:$L$142,0)) -> Qatar | K9: =INDEX($J$139:$J$142,MATCH($I9,$L$139:$L$142,0)) -> 1 | L9: =INDEX($I$139:$I$142,MATCH($I9,$L$139:$L$142,0)) -> -8 | M9: =INDEX($G$139:$G$142,MATCH($I9,$L$139:$L$142,0)) -> 2 | N9: =INDEX($N$139:$N$142,MATCH($I9,$L$139:$L$142,0)) -> No | P9: 4 | Q9: =INDEX($B$143:$B$146,MATCH($P9,$L$143:$L$146,0)) -> Haiti | R9: =INDEX($J$143:$J$146,MATCH($P9,$L$143:$L$146,0)) -> 0 | S9: =INDEX($I$143:$I$146,MATCH($P9,$L$143:$L$146,0)) -> -6 | T9: =INDEX($G$143:$G$146,MATCH($P9,$L$143:$L$146,0)) -> 2 | U9: =INDEX($N$143:$N$146,MATCH($P9,$L$143:$L$146,0)) -> No | W9: 4 | X9: =INDEX($B$147:$B$150,MATCH($W9,$L$147:$L$150,0)) -> Türkiye | Y9: =INDEX($J$147:$J$150,MATCH($W9,$L$147:$L$150,0)) -> 3 | Z9: =INDEX($I$147:$I$150,MATCH($W9,$L$147:$L$150,0)) -> -2 | AA9: =INDEX($G$147:$G$150,MATCH($W9,$L$147:$L$150,0)) -> 3 | AB9: =INDEX($N$147:$N$150,MATCH($W9,$L$147:$L$150,0)) -> No
B11: Group E | I11: Group F | P11: Group G | W11: Group H
B12: Pos | C12: Team | D12: Pts | E12: GD | F12: GF | G12: Qualified? | I12: Pos | J12: Team | K12: Pts | L12: GD | M12: GF | N12: Qualified? | P12: Pos | Q12: Team | R12: Pts | S12: GD | T12: GF | U12: Qualified? | W12: Pos | X12: Team | Y12: Pts | Z12: GD | AA12: GF | AB12: Qualified?
B13: 1 | C13: =INDEX($B$151:$B$154,MATCH($B13,$L$151:$L$154,0)) -> Germany | D13: =INDEX($J$151:$J$154,MATCH($B13,$L$151:$L$154,0)) -> 6 | E13: =INDEX($I$151:$I$154,MATCH($B13,$L$151:$L$154,0)) -> 6 | F13: =INDEX($G$151:$G$154,MATCH($B13,$L$151:$L$154,0)) -> 10 | G13: =INDEX($N$151:$N$154,MATCH($B13,$L$151:$L$154,0)) -> Yes | I13: 1 | J13: =INDEX($B$155:$B$158,MATCH($I13,$L$155:$L$158,0)) -> Netherlands | K13: =INDEX($J$155:$J$158,MATCH($I13,$L$155:$L$158,0)) -> 7 | L13: =INDEX($I$155:$I$158,MATCH($I13,$L$155:$L$158,0)) -> 6 | M13: =INDEX($G$155:$G$158,MATCH($I13,$L$155:$L$158,0)) -> 10 | N13: =INDEX($N$155:$N$158,MATCH($I13,$L$155:$L$158,0)) -> Yes | P13: 1 | Q13: =INDEX($B$159:$B$162,MATCH($P13,$L$159:$L$162,0)) -> Belgium | R13: =INDEX($J$159:$J$162,MATCH($P13,$L$159:$L$162,0)) -> 5 | S13: =INDEX($I$159:$I$162,MATCH($P13,$L$159:$L$162,0)) -> 4 | T13: =INDEX($G$159:$G$162,MATCH($P13,$L$159:$L$162,0)) -> 6 | U13: =INDEX($N$159:$N$162,MATCH($P13,$L$159:$L$162,0)) -> Yes | W13: 1 | X13: =INDEX($B$163:$B$166,MATCH($W13,$L$163:$L$166,0)) -> Spain | Y13: =INDEX($J$163:$J$166,MATCH($W13,$L$163:$L$166,0)) -> 7 | Z13: =INDEX($I$163:$I$166,MATCH($W13,$L$163:$L$166,0)) -> 5 | AA13: =INDEX($G$163:$G$166,MATCH($W13,$L$163:$L$166,0)) -> 5 | AB13: =INDEX($N$163:$N$166,MATCH($W13,$L$163:$L$166,0)) -> Yes
B14: 2 | C14: =INDEX($B$151:$B$154,MATCH($B14,$L$151:$L$154,0)) -> Côte d'Ivoire | D14: =INDEX($J$151:$J$154,MATCH($B14,$L$151:$L$154,0)) -> 6 | E14: =INDEX($I$151:$I$154,MATCH($B14,$L$151:$L$154,0)) -> 2 | F14: =INDEX($G$151:$G$154,MATCH($B14,$L$151:$L$154,0)) -> 4 | G14: =INDEX($N$151:$N$154,MATCH($B14,$L$151:$L$154,0)) -> Yes | I14: 2 | J14: =INDEX($B$155:$B$158,MATCH($I14,$L$155:$L$158,0)) -> Japan | K14: =INDEX($J$155:$J$158,MATCH($I14,$L$155:$L$158,0)) -> 5 | L14: =INDEX($I$155:$I$158,MATCH($I14,$L$155:$L$158,0)) -> 4 | M14: =INDEX($G$155:$G$158,MATCH($I14,$L$155:$L$158,0)) -> 7 | N14: =INDEX($N$155:$N$158,MATCH($I14,$L$155:$L$158,0)) -> Yes | P14: 2 | Q14: =INDEX($B$159:$B$162,MATCH($P14,$L$159:$L$162,0)) -> Egypt | R14: =INDEX($J$159:$J$162,MATCH($P14,$L$159:$L$162,0)) -> 5 | S14: =INDEX($I$159:$I$162,MATCH($P14,$L$159:$L$162,0)) -> 2 | T14: =INDEX($G$159:$G$162,MATCH($P14,$L$159:$L$162,0)) -> 5 | U14: =INDEX($N$159:$N$162,MATCH($P14,$L$159:$L$162,0)) -> Yes | W14: 2 | X14: =INDEX($B$163:$B$166,MATCH($W14,$L$163:$L$166,0)) -> Cabo Verde | Y14: =INDEX($J$163:$J$166,MATCH($W14,$L$163:$L$166,0)) -> 3 | Z14: =INDEX($I$163:$I$166,MATCH($W14,$L$163:$L$166,0)) -> 0 | AA14: =INDEX($G$163:$G$166,MATCH($W14,$L$163:$L$166,0)) -> 2 | AB14: =INDEX($N$163:$N$166,MATCH($W14,$L$163:$L$166,0)) -> Yes
B15: 3 | C15: =INDEX($B$151:$B$154,MATCH($B15,$L$151:$L$154,0)) -> Ecuador | D15: =INDEX($J$151:$J$154,MATCH($B15,$L$151:$L$154,0)) -> 4 | E15: =INDEX($I$151:$I$154,MATCH($B15,$L$151:$L$154,0)) -> 0 | F15: =INDEX($G$151:$G$154,MATCH($B15,$L$151:$L$154,0)) -> 2 | G15: =INDEX($N$151:$N$154,MATCH($B15,$L$151:$L$154,0)) -> Yes | I15: 3 | J15: =INDEX($B$155:$B$158,MATCH($I15,$L$155:$L$158,0)) -> Sweden | K15: =INDEX($J$155:$J$158,MATCH($I15,$L$155:$L$158,0)) -> 4 | L15: =INDEX($I$155:$I$158,MATCH($I15,$L$155:$L$158,0)) -> 0 | M15: =INDEX($G$155:$G$158,MATCH($I15,$L$155:$L$158,0)) -> 7 | N15: =INDEX($N$155:$N$158,MATCH($I15,$L$155:$L$158,0)) -> Yes | P15: 3 | Q15: =INDEX($B$159:$B$162,MATCH($P15,$L$159:$L$162,0)) -> IR Iran | R15: =INDEX($J$159:$J$162,MATCH($P15,$L$159:$L$162,0)) -> 3 | S15: =INDEX($I$159:$I$162,MATCH($P15,$L$159:$L$162,0)) -> 0 | T15: =INDEX($G$159:$G$162,MATCH($P15,$L$159:$L$162,0)) -> 3 | U15: =INDEX($N$159:$N$162,MATCH($P15,$L$159:$L$162,0)) -> No | W15: 3 | X15: =INDEX($B$163:$B$166,MATCH($W15,$L$163:$L$166,0)) -> Uruguay | Y15: =INDEX($J$163:$J$166,MATCH($W15,$L$163:$L$166,0)) -> 2 | Z15: =INDEX($I$163:$I$166,MATCH($W15,$L$163:$L$166,0)) -> -1 | AA15: =INDEX($G$163:$G$166,MATCH($W15,$L$163:$L$166,0)) -> 3 | AB15: =INDEX($N$163:$N$166,MATCH($W15,$L$163:$L$166,0)) -> No
B16: 4 | C16: =INDEX($B$151:$B$154,MATCH($B16,$L$151:$L$154,0)) -> Curaçao | D16: =INDEX($J$151:$J$154,MATCH($B16,$L$151:$L$154,0)) -> 1 | E16: =INDEX($I$151:$I$154,MATCH($B16,$L$151:$L$154,0)) -> -8 | F16: =INDEX($G$151:$G$154,MATCH($B16,$L$151:$L$154,0)) -> 1 | G16: =INDEX($N$151:$N$154,MATCH($B16,$L$151:$L$154,0)) -> No | I16: 4 | J16: =INDEX($B$155:$B$158,MATCH($I16,$L$155:$L$158,0)) -> Tunisia | K16: =INDEX($J$155:$J$158,MATCH($I16,$L$155:$L$158,0)) -> 0 | L16: =INDEX($I$155:$I$158,MATCH($I16,$L$155:$L$158,0)) -> -10 | M16: =INDEX($G$155:$G$158,MATCH($I16,$L$155:$L$158,0)) -> 2 | N16: =INDEX($N$155:$N$158,MATCH($I16,$L$155:$L$158,0)) -> No | P16: 4 | Q16: =INDEX($B$159:$B$162,MATCH($P16,$L$159:$L$162,0)) -> New Zealand | R16: =INDEX($J$159:$J$162,MATCH($P16,$L$159:$L$162,0)) -> 1 | S16: =INDEX($I$159:$I$162,MATCH($P16,$L$159:$L$162,0)) -> -6 | T16: =INDEX($G$159:$G$162,MATCH($P16,$L$159:$L$162,0)) -> 4 | U16: =INDEX($N$159:$N$162,MATCH($P16,$L$159:$L$162,0)) -> No | W16: 4 | X16: =INDEX($B$163:$B$166,MATCH($W16,$L$163:$L$166,0)) -> Saudi Arabia | Y16: =INDEX($J$163:$J$166,MATCH($W16,$L$163:$L$166,0)) -> 2 | Z16: =INDEX($I$163:$I$166,MATCH($W16,$L$163:$L$166,0)) -> -4 | AA16: =INDEX($G$163:$G$166,MATCH($W16,$L$163:$L$166,0)) -> 1 | AB16: =INDEX($N$163:$N$166,MATCH($W16,$L$163:$L$166,0)) -> No
B18: Group I | I18: Group J | P18: Group K | W18: Group L
B19: Pos | C19: Team | D19: Pts | E19: GD | F19: GF | G19: Qualified? | I19: Pos | J19: Team | K19: Pts | L19: GD | M19: GF | N19: Qualified? | P19: Pos | Q19: Team | R19: Pts | S19: GD | T19: GF | U19: Qualified? | W19: Pos | X19: Team | Y19: Pts | Z19: GD | AA19: GF | AB19: Qualified?
B20: 1 | C20: =INDEX($B$167:$B$170,MATCH($B20,$L$167:$L$170,0)) -> France | D20: =INDEX($J$167:$J$170,MATCH($B20,$L$167:$L$170,0)) -> 9 | E20: =INDEX($I$167:$I$170,MATCH($B20,$L$167:$L$170,0)) -> 8 | F20: =INDEX($G$167:$G$170,MATCH($B20,$L$167:$L$170,0)) -> 10 | G20: =INDEX($N$167:$N$170,MATCH($B20,$L$167:$L$170,0)) -> Yes | I20: 1 | J20: =INDEX($B$171:$B$174,MATCH($I20,$L$171:$L$174,0)) -> Argentina | K20: =INDEX($J$171:$J$174,MATCH($I20,$L$171:$L$174,0)) -> 9 | L20: =INDEX($I$171:$I$174,MATCH($I20,$L$171:$L$174,0)) -> 7 | M20: =INDEX($G$171:$G$174,MATCH($I20,$L$171:$L$174,0)) -> 8 | N20: =INDEX($N$171:$N$174,MATCH($I20,$L$171:$L$174,0)) -> Yes | P20: 1 | Q20: =INDEX($B$175:$B$178,MATCH($P20,$L$175:$L$178,0)) -> Colombia | R20: =INDEX($J$175:$J$178,MATCH($P20,$L$175:$L$178,0)) -> 7 | S20: =INDEX($I$175:$I$178,MATCH($P20,$L$175:$L$178,0)) -> 3 | T20: =INDEX($G$175:$G$178,MATCH($P20,$L$175:$L$178,0)) -> 4 | U20: =INDEX($N$175:$N$178,MATCH($P20,$L$175:$L$178,0)) -> Yes | W20: 1 | X20: =INDEX($B$179:$B$182,MATCH($W20,$L$179:$L$182,0)) -> England | Y20: =INDEX($J$179:$J$182,MATCH($W20,$L$179:$L$182,0)) -> 7 | Z20: =INDEX($I$179:$I$182,MATCH($W20,$L$179:$L$182,0)) -> 4 | AA20: =INDEX($G$179:$G$182,MATCH($W20,$L$179:$L$182,0)) -> 6 | AB20: =INDEX($N$179:$N$182,MATCH($W20,$L$179:$L$182,0)) -> Yes
B21: 2 | C21: =INDEX($B$167:$B$170,MATCH($B21,$L$167:$L$170,0)) -> Norway | D21: =INDEX($J$167:$J$170,MATCH($B21,$L$167:$L$170,0)) -> 6 | E21: =INDEX($I$167:$I$170,MATCH($B21,$L$167:$L$170,0)) -> 1 | F21: =INDEX($G$167:$G$170,MATCH($B21,$L$167:$L$170,0)) -> 8 | G21: =INDEX($N$167:$N$170,MATCH($B21,$L$167:$L$170,0)) -> Yes | I21: 2 | J21: =INDEX($B$171:$B$174,MATCH($I21,$L$171:$L$174,0)) -> Austria | K21: =INDEX($J$171:$J$174,MATCH($I21,$L$171:$L$174,0)) -> 4 | L21: =INDEX($I$171:$I$174,MATCH($I21,$L$171:$L$174,0)) -> 0 | M21: =INDEX($G$171:$G$174,MATCH($I21,$L$171:$L$174,0)) -> 6 | N21: =INDEX($N$171:$N$174,MATCH($I21,$L$171:$L$174,0)) -> Yes | P21: 2 | Q21: =INDEX($B$175:$B$178,MATCH($P21,$L$175:$L$178,0)) -> Portugal | R21: =INDEX($J$175:$J$178,MATCH($P21,$L$175:$L$178,0)) -> 5 | S21: =INDEX($I$175:$I$178,MATCH($P21,$L$175:$L$178,0)) -> 5 | T21: =INDEX($G$175:$G$178,MATCH($P21,$L$175:$L$178,0)) -> 6 | U21: =INDEX($N$175:$N$178,MATCH($P21,$L$175:$L$178,0)) -> Yes | W21: 2 | X21: =INDEX($B$179:$B$182,MATCH($W21,$L$179:$L$182,0)) -> Croatia | Y21: =INDEX($J$179:$J$182,MATCH($W21,$L$179:$L$182,0)) -> 6 | Z21: =INDEX($I$179:$I$182,MATCH($W21,$L$179:$L$182,0)) -> 0 | AA21: =INDEX($G$179:$G$182,MATCH($W21,$L$179:$L$182,0)) -> 5 | AB21: =INDEX($N$179:$N$182,MATCH($W21,$L$179:$L$182,0)) -> Yes
B22: 3 | C22: =INDEX($B$167:$B$170,MATCH($B22,$L$167:$L$170,0)) -> Senegal | D22: =INDEX($J$167:$J$170,MATCH($B22,$L$167:$L$170,0)) -> 3 | E22: =INDEX($I$167:$I$170,MATCH($B22,$L$167:$L$170,0)) -> 2 | F22: =INDEX($G$167:$G$170,MATCH($B22,$L$167:$L$170,0)) -> 8 | G22: =INDEX($N$167:$N$170,MATCH($B22,$L$167:$L$170,0)) -> Yes | I22: 3 | J22: =INDEX($B$171:$B$174,MATCH($I22,$L$171:$L$174,0)) -> Algeria | K22: =INDEX($J$171:$J$174,MATCH($I22,$L$171:$L$174,0)) -> 4 | L22: =INDEX($I$171:$I$174,MATCH($I22,$L$171:$L$174,0)) -> -2 | M22: =INDEX($G$171:$G$174,MATCH($I22,$L$171:$L$174,0)) -> 5 | N22: =INDEX($N$171:$N$174,MATCH($I22,$L$171:$L$174,0)) -> Yes | P22: 3 | Q22: =INDEX($B$175:$B$178,MATCH($P22,$L$175:$L$178,0)) -> Congo DR | R22: =INDEX($J$175:$J$178,MATCH($P22,$L$175:$L$178,0)) -> 4 | S22: =INDEX($I$175:$I$178,MATCH($P22,$L$175:$L$178,0)) -> 1 | T22: =INDEX($G$175:$G$178,MATCH($P22,$L$175:$L$178,0)) -> 4 | U22: =INDEX($N$175:$N$178,MATCH($P22,$L$175:$L$178,0)) -> Yes | W22: 3 | X22: =INDEX($B$179:$B$182,MATCH($W22,$L$179:$L$182,0)) -> Ghana | Y22: =INDEX($J$179:$J$182,MATCH($W22,$L$179:$L$182,0)) -> 4 | Z22: =INDEX($I$179:$I$182,MATCH($W22,$L$179:$L$182,0)) -> 0 | AA22: =INDEX($G$179:$G$182,MATCH($W22,$L$179:$L$182,0)) -> 2 | AB22: =INDEX($N$179:$N$182,MATCH($W22,$L$179:$L$182,0)) -> Yes
B23: 4 | C23: =INDEX($B$167:$B$170,MATCH($B23,$L$167:$L$170,0)) -> Iraq | D23: =INDEX($J$167:$J$170,MATCH($B23,$L$167:$L$170,0)) -> 0 | E23: =INDEX($I$167:$I$170,MATCH($B23,$L$167:$L$170,0)) -> -11 | F23: =INDEX($G$167:$G$170,MATCH($B23,$L$167:$L$170,0)) -> 1 | G23: =INDEX($N$167:$N$170,MATCH($B23,$L$167:$L$170,0)) -> No | I23: 4 | J23: =INDEX($B$171:$B$174,MATCH($I23,$L$171:$L$174,0)) -> Jordan | K23: =INDEX($J$171:$J$174,MATCH($I23,$L$171:$L$174,0)) -> 0 | L23: =INDEX($I$171:$I$174,MATCH($I23,$L$171:$L$174,0)) -> -5 | M23: =INDEX($G$171:$G$174,MATCH($I23,$L$171:$L$174,0)) -> 3 | N23: =INDEX($N$171:$N$174,MATCH($I23,$L$171:$L$174,0)) -> No | P23: 4 | Q23: =INDEX($B$175:$B$178,MATCH($P23,$L$175:$L$178,0)) -> Uzbekistan | R23: =INDEX($J$175:$J$178,MATCH($P23,$L$175:$L$178,0)) -> 0 | S23: =INDEX($I$175:$I$178,MATCH($P23,$L$175:$L$178,0)) -> -9 | T23: =INDEX($G$175:$G$178,MATCH($P23,$L$175:$L$178,0)) -> 2 | U23: =INDEX($N$175:$N$178,MATCH($P23,$L$175:$L$178,0)) -> No | W23: 4 | X23: =INDEX($B$179:$B$182,MATCH($W23,$L$179:$L$182,0)) -> Panama | Y23: =INDEX($J$179:$J$182,MATCH($W23,$L$179:$L$182,0)) -> 0 | Z23: =INDEX($I$179:$I$182,MATCH($W23,$L$179:$L$182,0)) -> -4 | AA23: =INDEX($G$179:$G$182,MATCH($W23,$L$179:$L$182,0)) -> 0 | AB23: =INDEX($N$179:$N$182,MATCH($W23,$L$179:$L$182,0)) -> No
A31: Knockout results | B31: Knockout results | C31: Knockout results | D31: Knockout results | E31: Knockout results | F31: Knockout results | G31: Knockout results | H31: Knockout results | I31: Knockout results | J31: Knockout results | K31: Knockout results | L31: Knockout results | M31: Knockout results | N31: Knockout results | O31: Knockout results | P31: Knockout results | Q31: Knockout results | R31: Knockout results
B38: Round of 32 | E38: Round of 16 | H38: Quarter-finals | K38: Semi-finals | N38: Third-place match | Q38: Final
B39: Match | C39: Winner | E39: Match | F39: Winner | H39: Match | I39: Winner | K39: Match | L39: Winner | N39: Match | O39: Winner | Q39: Result | R39: Team
B40: Germany / Paraguay | C40: =F209 -> Paraguay | E40: Paraguay / France | F40: =F227 -> France | H40: Quarter-final Match 1 | I40: =F239 | K40: Semi-final Match 1 | L40: =F247 | N40: Third-place Match | O40: =F253 | Q40: Champion | R40: =F259
B41: France / Sweden | C41: =F212 -> France | E41: Canada / Morocco | F41: =F228 -> Morocco | H41: Quarter-final Match 2 | I41: =F240 | K41: Semi-final Match 2 | L41: =F248 | Q41: Runner-up | R41: =G259
B42: South Africa / Canada | C42: =F207 -> Canada | E42: Portugal-Croatia / Spain-Austria | F42: =F229 | H42: Quarter-final Match 3 | I42: =F241
B43: Netherlands / Morocco | C43: =F210 -> Morocco | E43: USA-Bosnia / Belgium-Senegal | F43: =F230 | H43: Quarter-final Match 4 | I43: =F242
B44: Portugal / Croatia | C44: =F218 -> Portugal | E44: Brazil / Norway | F44: =F231 -> Norway
B45: Spain / Austria | C45: =F217 -> Spain | E45: Mexico / England-Congo DR | F45: =F232 -> England
B46: USA / Bosnia and Herzegovina | C46: =F216 -> United States | E46: Argentina-Cabo Verde / Australia-Egypt | F46: =F233
B47: Belgium / Senegal | C47: =F215 -> Belgium | E47: Switzerland-Algeria / Colombia-Ghana | F47: =F234
B48: Brazil / Japan | C48: =F208 -> Brazil
B49: Côte d'Ivoire / Norway | C49: =F211 -> Norway
B50: Mexico / Ecuador | C50: =F213 -> Mexico
B51: England / Congo DR | C51: =F214 -> England
B52: Argentina / Cabo Verde | C52: =F221 -> Argentina
B53: Australia / Egypt | C53: =F220 -> Egypt
B54: Switzerland / Algeria | C54: =F219 -> Switzerland
B55: Colombia / Ghana | C55: =F222 -> Colombia
A57: Group Stage Fixtures - enter scores only in Score 1 / Score 2
A58: Group | B58: Matchday | C58: Match | D58: Team 1 | E58: Team 2 | F58: Score 1 | G58: Score 2 | H58: Result | I58: T1 Pts | J58: T2 Pts
A59: A | B59: MD1 | C59: Match 1 | D59: Mexico | E59: South Africa | F59: 2 | G59: 0 | H59: =IF(OR(F59="",G59=""),"",IF(F59>G59,D59,IF(G59>F59,E59,"Draw"))) -> Mexico | I59: =IF(OR(F59="",G59=""),"",IF(F59>G59,3,IF(F59=G59,1,0))) -> 3 | J59: =IF(OR(F59="",G59=""),"",IF(G59>F59,3,IF(F59=G59,1,0))) -> 0
A60: A | B60: MD1 | C60: Match 2 | D60: Korea Republic | E60: Czechia | F60: 2 | G60: 1 | H60: =IF(OR(F60="",G60=""),"",IF(F60>G60,D60,IF(G60>F60,E60,"Draw"))) -> Korea Republic | I60: =IF(OR(F60="",G60=""),"",IF(F60>G60,3,IF(F60=G60,1,0))) -> 3 | J60: =IF(OR(F60="",G60=""),"",IF(G60>F60,3,IF(F60=G60,1,0))) -> 0
A61: A | B61: MD2 | C61: Match 3 | D61: Mexico | E61: Korea Republic | F61: 1 | G61: 0 | H61: =IF(OR(F61="",G61=""),"",IF(F61>G61,D61,IF(G61>F61,E61,"Draw"))) -> Mexico | I61: =IF(OR(F61="",G61=""),"",IF(F61>G61,3,IF(F61=G61,1,0))) -> 3 | J61: =IF(OR(F61="",G61=""),"",IF(G61>F61,3,IF(F61=G61,1,0))) -> 0
A62: A | B62: MD2 | C62: Match 4 | D62: South Africa | E62: Czechia | F62: 1 | G62: 1 | H62: =IF(OR(F62="",G62=""),"",IF(F62>G62,D62,IF(G62>F62,E62,"Draw"))) -> Draw | I62: =IF(OR(F62="",G62=""),"",IF(F62>G62,3,IF(F62=G62,1,0))) -> 1 | J62: =IF(OR(F62="",G62=""),"",IF(G62>F62,3,IF(F62=G62,1,0))) -> 1
A63: A | B63: MD3 | C63: Match 5 | D63: Mexico | E63: Czechia | F63: 3 | G63: 0 | H63: =IF(OR(F63="",G63=""),"",IF(F63>G63,D63,IF(G63>F63,E63,"Draw"))) -> Mexico | I63: =IF(OR(F63="",G63=""),"",IF(F63>G63,3,IF(F63=G63,1,0))) -> 3 | J63: =IF(OR(F63="",G63=""),"",IF(G63>F63,3,IF(F63=G63,1,0))) -> 0
A64: A | B64: MD3 | C64: Match 6 | D64: South Africa | E64: Korea Republic | F64: 1 | G64: 0 | H64: =IF(OR(F64="",G64=""),"",IF(F64>G64,D64,IF(G64>F64,E64,"Draw"))) -> South Africa | I64: =IF(OR(F64="",G64=""),"",IF(F64>G64,3,IF(F64=G64,1,0))) -> 3 | J64: =IF(OR(F64="",G64=""),"",IF(G64>F64,3,IF(F64=G64,1,0))) -> 0
A65: B | B65: MD1 | C65: Match 1 | D65: Canada | E65: Bosnia and Herzegovina | F65: 1 | G65: 1 | H65: =IF(OR(F65="",G65=""),"",IF(F65>G65,D65,IF(G65>F65,E65,"Draw"))) -> Draw | I65: =IF(OR(F65="",G65=""),"",IF(F65>G65,3,IF(F65=G65,1,0))) -> 1 | J65: =IF(OR(F65="",G65=""),"",IF(G65>F65,3,IF(F65=G65,1,0))) -> 1
A66: B | B66: MD1 | C66: Match 2 | D66: Qatar | E66: Switzerland | F66: 1 | G66: 1 | H66: =IF(OR(F66="",G66=""),"",IF(F66>G66,D66,IF(G66>F66,E66,"Draw"))) -> Draw | I66: =IF(OR(F66="",G66=""),"",IF(F66>G66,3,IF(F66=G66,1,0))) -> 1 | J66: =IF(OR(F66="",G66=""),"",IF(G66>F66,3,IF(F66=G66,1,0))) -> 1
A67: B | B67: MD2 | C67: Match 3 | D67: Canada | E67: Qatar | F67: 6 | G67: 0 | H67: =IF(OR(F67="",G67=""),"",IF(F67>G67,D67,IF(G67>F67,E67,"Draw"))) -> Canada | I67: =IF(OR(F67="",G67=""),"",IF(F67>G67,3,IF(F67=G67,1,0))) -> 3 | J67: =IF(OR(F67="",G67=""),"",IF(G67>F67,3,IF(F67=G67,1,0))) -> 0
A68: B | B68: MD2 | C68: Match 4 | D68: Bosnia and Herzegovina | E68: Switzerland | F68: 1 | G68: 4 | H68: =IF(OR(F68="",G68=""),"",IF(F68>G68,D68,IF(G68>F68,E68,"Draw"))) -> Switzerland | I68: =IF(OR(F68="",G68=""),"",IF(F68>G68,3,IF(F68=G68,1,0))) -> 0 | J68: =IF(OR(F68="",G68=""),"",IF(G68>F68,3,IF(F68=G68,1,0))) -> 3
A69: B | B69: MD3 | C69: Match 5 | D69: Canada | E69: Switzerland | F69: 1 | G69: 2 | H69: =IF(OR(F69="",G69=""),"",IF(F69>G69,D69,IF(G69>F69,E69,"Draw"))) -> Switzerland | I69: =IF(OR(F69="",G69=""),"",IF(F69>G69,3,IF(F69=G69,1,0))) -> 0 | J69: =IF(OR(F69="",G69=""),"",IF(G69>F69,3,IF(F69=G69,1,0))) -> 3
A70: B | B70: MD3 | C70: Match 6 | D70: Bosnia and Herzegovina | E70: Qatar | F70: 3 | G70: 1 | H70: =IF(OR(F70="",G70=""),"",IF(F70>G70,D70,IF(G70>F70,E70,"Draw"))) -> Bosnia and Herzegovina | I70: =IF(OR(F70="",G70=""),"",IF(F70>G70,3,IF(F70=G70,1,0))) -> 3 | J70: =IF(OR(F70="",G70=""),"",IF(G70>F70,3,IF(F70=G70,1,0))) -> 0
... A130: L | B130: MD3 | C130: Match 6 | D130: Croatia | E130: Ghana | F130: 2 | G130: 1 | H130: =IF(OR(F130="",G130=""),"",IF(F130>G130,D130,IF(G130>F130,E130,"Draw"))) -> Croatia | I130: =IF(OR(F130="",G130=""),"",IF(F130>G130,3,IF(F130=G130,1,0))) -> 3 | J130: =IF(OR(F130="",G130=""),"",IF(G130>F130,3,IF(F130=G130,1,0))) -> 0
A133: Detailed Group Standings - W, D, L, GF, GA, GD, points, and qualification status
A134: Group | B134: Team | C134: Pld | D134: W | E134: D | F134: L | G134: GF | H134: GA | I134: GD | J134: Pts | K134: SortKey | L134: Rank | M134: ThirdRank | N134: Qualified?
A135: A | B135: Mexico | C135: =D135+E135+F135 -> 3 | D135: =SUMPRODUCT(--($D$59:$D$130=$B135),--($I$59:$I$130=3))+SUMPRODUCT(--($E$59:$E$130=$B135),--($J$59:$J$130=3)) -> 3 | E135: =SUMPRODUCT(--($D$59:$D$130=$B135),--($I$59:$I$130=1))+SUMPRODUCT(--($E$59:$E$130=$B135),--($J$59:$J$130=1)) -> 0 | F135: =SUMPRODUCT(--($D$59:$D$130=$B135),--($I$59:$I$130=0))+SUMPRODUCT(--($E$59:$E$130=$B135),--($J$59:$J$130=0)) -> 0 | G135: =SUMIFS($F$59:$F$130,$D$59:$D$130,$B135)+SUMIFS($G$59:$G$130,$E$59:$E$130,$B135) -> 6 | H135: =SUMIFS($G$59:$G$130,$D$59:$D$130,$B135)+SUMIFS($F$59:$F$130,$E$59:$E$130,$B135) -> 0 | I135: =G135-H135 -> 6 | J135: =D135*3+E135 -> 9 | K135: =J135*1000000+I135*1000+G135 -> 9006006 | L135: =1+SUMPRODUCT(--($A$135:$A$138=$A135),--($K$135:$K$138>K135))+SUMPRODUCT(--($A$135:$A$138=$A135),--($K$135:$K$138=K135),--(ROW($B$135:$B$138)<ROW(B135))) -> 1 | M135: {=IF(L135=3,1+SUMPRODUCT(--($L$135:$L$182=3),--($K$135:$K$182>K135))+SUMPRODUCT(--($L$135:$L$182=3),--($K$135:$K$182=K135),--(((($B$135:$B$182="Ghana")*(-3)+($B$135:$B$182="Ecuador")*(-5)))>IF($B135="Ghana",-3,IF($B135="Ecuador",-5,0))))+SUMPRODUCT(--($L$135:$L$182=3),--($K$135:$K$182=K135),--(((($B$135:$B$182="Ghana")*(-3)+($B$135:$B$182="Ecuador")*(-5)))=IF($B135="Ghana",-3,IF($B135="Ecuador",-5,0))),--(ROW($B$135:$B$182)<ROW(B135))),"")} | N135: =IF(L135<=2,"Yes",IF(AND(L135=3,M135<=8),"Yes","No")) -> Yes
A136: A | B136: South Africa | C136: =D136+E136+F136 -> 3 | D136: =SUMPRODUCT(--($D$59:$D$130=$B136),--($I$59:$I$130=3))+SUMPRODUCT(--($E$59:$E$130=$B136),--($J$59:$J$130=3)) -> 1 | E136: =SUMPRODUCT(--($D$59:$D$130=$B136),--($I$59:$I$130=1))+SUMPRODUCT(--($E$59:$E$130=$B136),--($J$59:$J$130=1)) -> 1 | F136: =SUMPRODUCT(--($D$59:$D$130=$B136),--($I$59:$I$130=0))+SUMPRODUCT(--($E$59:$E$130=$B136),--($J$59:$J$130=0)) -> 1 | G136: =SUMIFS($F$59:$F$130,$D$59:$D$130,$B136)+SUMIFS($G$59:$G$130,$E$59:$E$130,$B136) -> 2 | H136: =SUMIFS($G$59:$G$130,$D$59:$D$130,$B136)+SUMIFS($F$59:$F$130,$E$59:$E$130,$B136) -> 3 | I136: =G136-H136 -> -1 | J136: =D136*3+E136 -> 4 | K136: =J136*1000000+I136*1000+G136 -> 3999002 | L136: =1+SUMPRODUCT(--($A$135:$A$138=$A136),--($K$135:$K$138>K136))+SUMPRODUCT(--($A$135:$A$138=$A136),--($K$135:$K$138=K136),--(ROW($B$135:$B$138)<ROW(B136))) -> 2 | M136: {=IF(L136=3,1+SUMPRODUCT(--($L$135:$L$182=3),--($K$135:$K$182>K136))+SUMPRODUCT(--($L$135:$L$182=3),--($K$135:$K$182=K136),--(((($B$135:$B$182="Ghana")*(-3)+($B$135:$B$182="Ecuador")*(-5)))>IF($B136="Ghana",-3,IF($B136="Ecuador",-5,0))))+SUMPRODUCT(--($L$135:$L$182=3),--($K$135:$K$182=K136),--(((($B$135:$B$182="Ghana")*(-3)+($B$135:$B$182="Ecuador")*(-5)))=IF($B136="Ghana",-3,IF($B136="Ecuador",-5,0))),--(ROW($B$135:$B$182)<ROW(B136))),"")} | N136: =IF(L136<=2,"Yes",IF(AND(L136=3,M136<=8),"Yes","No")) -> Yes
A137: A | B137: Korea Republic | C137: =D137+E137+F137 -> 3 | D137: =SUMPRODUCT(--($D$59:$D$130=$B137),--($I$59:$I$130=3))+SUMPRODUCT(--($E$59:$E$130=$B137),--($J$59:$J$130=3)) -> 1 | E137: =SUMPRODUCT(--($D$59:$D$130=$B137),--($I$59:$I$130=1))+SUMPRODUCT(--($E$59:$E$130=$B137),--($J$59:$J$130=1)) -> 0 | F137: =SUMPRODUCT(--($D$59:$D$130=$B137),--($I$59:$I$130=0))+SUMPRODUCT(--($E$59:$E$130=$B137),--($J$59:$J$130=0)) -> 2 | G137: =SUMIFS($F$59:$F$130,$D$59:$D$130,$B137)+SUMIFS($G$59:$G$130,$E$59:$E$130,$B137) -> 2 | H137: =SUMIFS($G$59:$G$130,$D$59:$D$130,$B137)+SUMIFS($F$59:$F$130,$E$59:$E$130,$B137) -> 3 | I137: =G137-H137 -> -1 | J137: =D137*3+E137 -> 3 | K137: =J137*1000000+I137*1000+G137 -> 2999002 | L137: =1+SUMPRODUCT(--($A$135:$A$138=$A137),--($K$135:$K$138>K137))+SUMPRODUCT(--($A$135:$A$138=$A137),--($K$135:$K$138=K137),--(ROW($B$135:$B$138)<ROW(B137))) -> 3 | M137: {=IF(L137=3,1+SUMPRODUCT(--($L$135:$L$182=3),--($K$135:$K$182>K137))+SUMPRODUCT(--($L$135:$L$182=3),--($K$135:$K$182=K137),--(((($B$135:$B$182="Ghana")*(-3)+($B$135:$B$182="Ecuador")*(-5)))>IF($B137="Ghana",-3,IF($B137="Ecuador",-5,0))))+SUMPRODUCT(--($L$135:$L$182=3),--($K$135:$K$182=K137),--(((($B$135:$B$182="Ghana")*(-3)+($B$135:$B$182="Ecuador")*(-5)))=IF($B137="Ghana",-3,IF($B137="Ecuador",-5,0))),--(ROW($B$135:$B$182)<ROW(B137))),"")} -> 10 | N137: =IF(L137<=2,"Yes",IF(AND(L137=3,M137<=8),"Yes","No")) -> No
A138: A | B138: Czechia | C138: =D138+E138+F138 -> 3 | D138: =SUMPRODUCT(--($D$59:$D$130=$B138),--($I$59:$I$130=3))+SUMPRODUCT(--($E$59:$E$130=$B138),--($J$59:$J$130=3)) -> 0 | E138: =SUMPRODUCT(--($D$59:$D$130=$B138),--($I$59:$I$130=1))+SUMPRODUCT(--($E$59:$E$130=$B138),--($J$59:$J$130=1)) -> 1 | F138: =SUMPRODUCT(--($D$59:$D$130=$B138),--($I$59:$I$130=0))+SUMPRODUCT(--($E$59:$E$130=$B138),--($J$59:$J$130=0)) -> 2 | G138: =SUMIFS($F$59:$F$130,$D$59:$D$130,$B138)+SUMIFS($G$59:$G$130,$E$59:$E$130,$B138) -> 2 | H138: =SUMIFS($G$59:$G$130,$D$59:$D$130,$B138)+SUMIFS($F$59:$F$130,$E$59:$E$130,$B138) -> 6 | I138: =G138-H138 -> -4 | J138: =D138*3+E138 -> 1 | K138: =J138*1000000+I138*1000+G138 -> 996002 | L138: =1+SUMPRODUCT(--($A$135:$A$138=$A138),--($K$135:$K$138>K138))+SUMPRODUCT(--($A$135:$A$138=$A138),--($K$135:$K$138=K138),--(ROW($B$135:$B$138)<ROW(B138))) -> 4 | M138: {=IF(L138=3,1+SUMPRODUCT(--($L$135:$L$182=3),--($K$135:$K$182>K138))+SUMPRODUCT(--($L$135:$L$182=3),--($K$135:$K$182=K138),--(((($B$135:$B$182="Ghana")*(-3)+($B$135:$B$182="Ecuador")*(-5)))>IF($B138="Ghana",-3,IF($B138="Ecuador",-5,0))))+SUMPRODUCT(--($L$135:$L$182=3),--($K$135:$K$182=K138),--(((($B$135:$B$182="Ghana")*(-3)+($B$135:$B$182="Ecuador")*(-5)))=IF($B138="Ghana",-3,IF($B138="Ecuador",-5,0))),--(ROW($B$135:$B$182)<ROW(B138))),"")} | N138: =IF(L138<=2,"Yes",IF(AND(L138=3,M138<=8),"Yes","No")) -> No
A139: B | B139: Canada | C139: =D139+E139+F139 -> 3 | D139: =SUMPRODUCT(--($D$59:$D$130=$B139),--($I$59:$I$130=3))+SUMPRODUCT(--($E$59:$E$130=$B139),--($J$59:$J$130=3)) -> 1 | E139: =SUMPRODUCT(--($D$59:$D$130=$B139),--($I$59:$I$130=1))+SUMPRODUCT(--($E$59:$E$130=$B139),--($J$59:$J$130=1)) -> 1 | F139: =SUMPRODUCT(--($D$59:$D$130=$B139),--($I$59:$I$130=0))+SUMPRODUCT(--($E$59:$E$130=$B139),--($J$59:$J$130=0)) -> 1 | G139: =SUMIFS($F$59:$F$130,$D$59:$D$130,$B139)+SUMIFS($G$59:$G$130,$E$59:$E$130,$B139) -> 8 | H139: =SUMIFS($G$59:$G$130,$D$59:$D$130,$B139)+SUMIFS($F$59:$F$130,$E$59:$E$130,$B139) -> 3 | I139: =G139-H139 -> 5 | J139: =D139*3+E139 -> 4 | K139: =J139*1000000+I139*1000+G139 -> 4005008 | L139: =1+SUMPRODUCT(--($A$139:$A$142=$A139),--($K$139:$K$142>K139))+SUMPRODUCT(--($A$139:$A$142=$A139),--($K$139:$K$142=K139),--(ROW($B$139:$B$142)<ROW(B139))) -> 2 | M139: {=IF(L139=3,1+SUMPRODUCT(--($L$135:$L$182=3),--($K$135:$K$182>K139))+SUMPRODUCT(--($L$135:$L$182=3),--($K$135:$K$182=K139),--(((($B$135:$B$182="Ghana")*(-3)+($B$135:$B$182="Ecuador")*(-5)))>IF($B139="Ghana",-3,IF($B139="Ecuador",-5,0))))+SUMPRODUCT(--($L$135:$L$182=3),--($K$135:$K$182=K139),--(((($B$135:$B$182="Ghana")*(-3)+($B$135:$B$182="Ecuador")*(-5)))=IF($B139="Ghana",-3,IF($B139="Ecuador",-5,0))),--(ROW($B$135:$B$182)<ROW(B139))),"")} | N139: =IF(L139<=2,"Yes",IF(AND(L139=3,M139<=8),"Yes","No")) -> Yes
A140: B | B140: Bosnia and Herzegovina | C140: =D140+E140+F140 -> 3 | D140: =SUMPRODUCT(--($D$59:$D$130=$B140),--($I$59:$I$130=3))+SUMPRODUCT(--($E$59:$E$130=$B140),--($J$59:$J$130=3)) -> 1 | E140: =SUMPRODUCT(--($D$59:$D$130=$B140),--($I$59:$I$130=1))+SUMPRODUCT(--($E$59:$E$130=$B140),--($J$59:$J$130=1)) -> 1 | F140: =SUMPRODUCT(--($D$59:$D$130=$B140),--($I$59:$I$130=0))+SUMPRODUCT(--($E$59:$E$130=$B140),--($J$59:$J$130=0)) -> 1 | G140: =SUMIFS($F$59:$F$130,$D$59:$D$130,$B140)+SUMIFS($G$59:$G$130,$E$59:$E$130,$B140) -> 5 | H140: =SUMIFS($G$59:$G$130,$D$59:$D$130,$B140)+SUMIFS($F$59:$F$130,$E$59:$E$130,$B140) -> 6 | I140: =G140-H140 -> -1 | J140: =D140*3+E140 -> 4 | K140: =J140*1000000+I140*1000+G140 -> 3999005 | L140: =1+SUMPRODUCT(--($A$139:$A$142=$A140),--($K$139:$K$142>K140))+SUMPRODUCT(--($A$139:$A$142=$A140),--($K$139:$K$142=K140),--(ROW($B$139:$B$142)<ROW(B140))) -> 3 | M140: {=IF(L140=3,1+SUMPRODUCT(--($L$135:$L$182=3),--($K$135:$K$182>K140))+SUMPRODUCT(--($L$135:$L$182=3),--($K$135:$K$182=K140),--(((($B$135:$B$182="Ghana")*(-3)+($B$135:$B$182="Ecuador")*(-5)))>IF($B140="Ghana",-3,IF($B140="Ecuador",-5,0))))+SUMPRODUCT(--($L$135:$L$182=3),--($K$135:$K$182=K140),--(((($B$135:$B$182="Ghana")*(-3)+($B$135:$B$182="Ecuador")*(-5)))=IF($B140="Ghana",-3,IF($B140="Ecuador",-5,0))),--(ROW($B$135:$B$182)<ROW(B140))),"")} -> 5 | N140: =IF(L140<=2,"Yes",IF(AND(L140=3,M140<=8),"Yes","No")) -> Yes
A141: B | B141: Qatar | C141: =D141+E141+F141 -> 3 | D141: =SUMPRODUCT(--($D$59:$D$130=$B141),--($I$59:$I$130=3))+SUMPRODUCT(--($E$59:$E$130=$B141),--($J$59:$J$130=3)) -> 0 | E141: =SUMPRODUCT(--($D$59:$D$130=$B141),--($I$59:$I$130=1))+SUMPRODUCT(--($E$59:$E$130=$B141),--($J$59:$J$130=1)) -> 1 | F141: =SUMPRODUCT(--($D$59:$D$130=$B141),--($I$59:$I$130=0))+SUMPRODUCT(--($E$59:$E$130=$B141),--($J$59:$J$130=0)) -> 2 | G141: =SUMIFS($F$59:$F$130,$D$59:$D$130,$B141)+SUMIFS($G$59:$G$130,$E$59:$E$130,$B141) -> 2 | H141: =SUMIFS($G$59:$G$130,$D$59:$D$130,$B141)+SUMIFS($F$59:$F$130,$E$59:$E$130,$B141) -> 10 | I141: =G141-H141 -> -8 | J141: =D141*3+E141 -> 1 | K141: =J141*1000000+I141*1000+G141 -> 992002 | L141: =1+SUMPRODUCT(--($A$139:$A$142=$A141),--($K$139:$K$142>K141))+SUMPRODUCT(--($A$139:$A$142=$A141),--($K$139:$K$142=K141),--(ROW($B$139:$B$142)<ROW(B141))) -> 4 | M141: {=IF(L141=3,1+SUMPRODUCT(--($L$135:$L$182=3),--($K$135:$K$182>K141))+SUMPRODUCT(--($L$135:$L$182=3),--($K$135:$K$182=K141),--(((($B$135:$B$182="Ghana")*(-3)+($B$135:$B$182="Ecuador")*(-5)))>IF($B141="Ghana",-3,IF($B141="Ecuador",-5,0))))+SUMPRODUCT(--($L$135:$L$182=3),--($K$135:$K$182=K141),--(((($B$135:$B$182="Ghana")*(-3)+($B$135:$B$182="Ecuador")*(-5)))=IF($B141="Ghana",-3,IF($B141="Ecuador",-5,0))),--(ROW($B$135:$B$182)<ROW(B141))),"")} | N141: =IF(L141<=2,"Yes",IF(AND(L141=3,M141<=8),"Yes","No")) -> No
A142: B | B142: Switzerland | C142: =D142+E142+F142 -> 3 | D142: =SUMPRODUCT(--($D$59:$D$130=$B142),--($I$59:$I$130=3))+SUMPRODUCT(--($E$59:$E$130=$B142),--($J$59:$J$130=3)) -> 2 | E142: =SUMPRODUCT(--($D$59:$D$130=$B142),--($I$59:$I$130=1))+SUMPRODUCT(--($E$59:$E$130=$B142),--($J$59:$J$130=1)) -> 1 | F142: =SUMPRODUCT(--($D$59:$D$130=$B142),--($I$59:$I$130=0))+SUMPRODUCT(--($E$59:$E$130=$B142),--($J$59:$J$130=0)) -> 0 | G142: =SUMIFS($F$59:$F$130,$D$59:$D$130,$B142)+SUMIFS($G$59:$G$130,$E$59:$E$130,$B142) -> 7 | H142: =SUMIFS($G$59:$G$130,$D$59:$D$130,$B142)+SUMIFS($F$59:$F$130,$E$59:$E$130,$B142) -> 3 | I142: =G142-H142 -> 4 | J142: =D142*3+E142 -> 7 | K142: =J142*1000000+I142*1000+G142 -> 7004007 | L142: =1+SUMPRODUCT(--($A$139:$A$142=$A142),--($K$139:$K$142>K142))+SUMPRODUCT(--($A$139:$A$142=$A142),--($K$139:$K$142=K142),--(ROW($B$139:$B$142)<ROW(B142))) -> 1 | M142: {=IF(L142=3,1+SUMPRODUCT(--($L$135:$L$182=3),--($K$135:$K$182>K142))+SUMPRODUCT(--($L$135:$L$182=3),--($K$135:$K$182=K142),--(((($B$135:$B$182="Ghana")*(-3)+($B$135:$B$182="Ecuador")*(-5)))>IF($B142="Ghana",-3,IF($B142="Ecuador",-5,0))))+SUMPRODUCT(--($L$135:$L$182=3),--($K$135:$K$182=K142),--(((($B$135:$B$182="Ghana")*(-3)+($B$135:$B$182="Ecuador")*(-5)))=IF($B142="Ghana",-3,IF($B142="Ecuador",-5,0))),--(ROW($B$135:$B$182)<ROW(B142))),"")} | N142: =IF(L142<=2,"Yes",IF(AND(L142=3,M142<=8),"Yes","No")) -> Yes
A143: C | B143: Brazil | C143: =D143+E143+F143 -> 3 | D143: =SUMPRODUCT(--($D$59:$D$130=$B143),--($I$59:$I$130=3))+SUMPRODUCT(--($E$59:$E$130=$B143),--($J$59:$J$130=3)) -> 2 | E143: =SUMPRODUCT(--($D$59:$D$130=$B143),--($I$59:$I$130=1))+SUMPRODUCT(--($E$59:$E$130=$B143),--($J$59:$J$130=1)) -> 1 | F143: =SUMPRODUCT(--($D$59:$D$130=$B143),--($I$59:$I$130=0))+SUMPRODUCT(--($E$59:$E$130=$B143),--($J$59:$J$130=0)) -> 0 | G143: =SUMIFS($F$59:$F$130,$D$59:$D$130,$B143)+SUMIFS($G$59:$G$130,$E$59:$E$130,$B143) -> 7 | H143: =SUMIFS($G$59:$G$130,$D$59:$D$130,$B143)+SUMIFS($F$59:$F$130,$E$59:$E$130,$B143) -> 1 | I143: =G143-H143 -> 6 | J143: =D143*3+E143 -> 7 | K143: =J143*1000000+I143*1000+G143 -> 7006007 | L143: =1+SUMPRODUCT(--($A$143:$A$146=$A143),--($K$143:$K$146>K143))+SUMPRODUCT(--($A$143:$A$146=$A143),--($K$143:$K$146=K143),--(ROW($B$143:$B$146)<ROW(B143))) -> 1 | M143: {=IF(L143=3,1+SUMPRODUCT(--($L$135:$L$182=3),--($K$135:$K$182>K143))+SUMPRODUCT(--($L$135:$L$182=3),--($K$135:$K$182=K143),--(((($B$135:$B$182="Ghana")*(-3)+($B$135:$B$182="Ecuador")*(-5)))>IF($B143="Ghana",-3,IF($B143="Ecuador",-5,0))))+SUMPRODUCT(--($L$135:$L$182=3),--($K$135:$K$182=K143),--(((($B$135:$B$182="Ghana")*(-3)+($B$135:$B$182="Ecuador")*(-5)))=IF($B143="Ghana",-3,IF($B143="Ecuador",-5,0))),--(ROW($B$135:$B$182)<ROW(B143))),"")} | N143: =IF(L143<=2,"Yes",IF(AND(L143=3,M143<=8),"Yes","No")) -> Yes
A144: C | B144: Haiti | C144: =D144+E144+F144 -> 3 | D144: =SUMPRODUCT(--($D$59:$D$130=$B144),--($I$59:$I$130=3))+SUMPRODUCT(--($E$59:$E$130=$B144),--($J$59:$J$130=3)) -> 0 | E144: =SUMPRODUCT(--($D$59:$D$130=$B144),--($I$59:$I$130=1))+SUMPRODUCT(--($E$59:$E$130=$B144),--($J$59:$J$130=1)) -> 0 | F144: =SUMPRODUCT(--($D$59:$D$130=$B144),--($I$59:$I$130=0))+SUMPRODUCT(--($E$59:$E$130=$B144),--($J$59:$J$130=0)) -> 3 | G144: =SUMIFS($F$59:$F$130,$D$59:$D$130,$B144)+SUMIFS($G$59:$G$130,$E$59:$E$130,$B144) -> 2 | H144: =SUMIFS($G$59:$G$130,$D$59:$D$130,$B144)+SUMIFS($F$59:$F$130,$E$59:$E$130,$B144) -> 8 | I144: =G144-H144 -> -6 | J144: =D144*3+E144 -> 0 | K144: =J144*1000000+I144*1000+G144 -> -5998 | L144: =1+SUMPRODUCT(--($A$143:$A$146=$A144),--($K$143:$K$146>K144))+SUMPRODUCT(--($A$143:$A$146=$A144),--($K$143:$K$146=K144),--(ROW($B$143:$B$146)<ROW(B144))) -> 4 | M144: {=IF(L144=3,1+SUMPRODUCT(--($L$135:$L$182=3),--($K$135:$K$182>K144))+SUMPRODUCT(--($L$135:$L$182=3),--($K$135:$K$182=K144),--(((($B$135:$B$182="Ghana")*(-3)+($B$135:$B$182="Ecuador")*(-5)))>IF($B144="Ghana",-3,IF($B144="Ecuador",-5,0))))+SUMPRODUCT(--($L$135:$L$182=3),--($K$135:$K$182=K144),--(((($B$135:$B$182="Ghana")*(-3)+($B$135:$B$182="Ecuador")*(-5)))=IF($B144="Ghana",-3,IF($B144="Ecuador",-5,0))),--(ROW($B$135:$B$182)<ROW(B144))),"")} | N144: =IF(L144<=2,"Yes",IF(AND(L144=3,M144<=8),"Yes","No")) -> No
A145: C | B145: Morocco | C145: =D145+E145+F145 -> 3 | D145: =SUMPRODUCT(--($D$59:$D$130=$B145),--($I$59:$I$130=3))+SUMPRODUCT(--($E$59:$E$130=$B145),--($J$59:$J$130=3)) -> 2 | E145: =SUMPRODUCT(--($D$59:$D$130=$B145),--($I$59:$I$130=1))+SUMPRODUCT(--($E$59:$E$130=$B145),--($J$59:$J$130=1)) -> 1 | F145: =SUMPRODUCT(--($D$59:$D$130=$B145),--($I$59:$I$130=0))+SUMPRODUCT(--($E$59:$E$130=$B145),--($J$59:$J$130=0)) -> 0 | G145: =SUMIFS($F$59:$F$130,$D$59:$D$130,$B145)+SUMIFS($G$59:$G$130,$E$59:$E$130,$B145) -> 6 | H145: =SUMIFS($G$59:$G$130,$D$59:$D$130,$B145)+SUMIFS($F$59:$F$130,$E$59:$E$130,$B145) -> 3 | I145: =G145-H145 -> 3 | J145: =D145*3+E145 -> 7 | K145: =J145*1000000+I145*1000+G145 -> 7003006 | L145: =1+SUMPRODUCT(--($A$143:$A$146=$A145),--($K$143:$K$146>K145))+SUMPRODUCT(--($A$143:$A$146=$A145),--($K$143:$K$146=K145),--(ROW($B$143:$B$146)<ROW(B145))) -> 2 | M145: {=IF(L145=3,1+SUMPRODUCT(--($L$135:$L$182=3),--($K$135:$K$182>K145))+SUMPRODUCT(--($L$135:$L$182=3),--($K$135:$K$182=K145),--(((($B$135:$B$182="Ghana")*(-3)+($B$135:$B$182="Ecuador")*(-5)))>IF($B145="Ghana",-3,IF($B145="Ecuador",-5,0))))+SUMPRODUCT(--($L$135:$L$182=3),--($K$135:$K$182=K145),--(((($B$135:$B$182="Ghana")*(-3)+($B$135:$B$182="Ecuador")*(-5)))=IF($B145="Ghana",-3,IF($B145="Ecuador",-5,0))),--(ROW($B$135:$B$182)<ROW(B145))),"")} | N145: =IF(L145<=2,"Yes",IF(AND(L145=3,M145<=8),"Yes","No")) -> Yes
A146: C | B146: Scotland | C146: =D146+E146+F146 -> 3 | D146: =SUMPRODUCT(--($D$59:$D$130=$B146),--($I$59:$I$130=3))+SUMPRODUCT(--($E$59:$E$130=$B146),--($J$59:$J$130=3)) -> 1 | E146: =SUMPRODUCT(--($D$59:$D$130=$B146),--($I$59:$I$130=1))+SUMPRODUCT(--($E$59:$E$130=$B146),--($J$59:$J$130=1)) -> 0 | F146: =SUMPRODUCT(--($D$59:$D$130=$B146),--($I$59:$I$130=0))+SUMPRODUCT(--($E$59:$E$130=$B146),--($J$59:$J$130=0)) -> 2 | G146: =SUMIFS($F$59:$F$130,$D$59:$D$130,$B146)+SUMIFS($G$59:$G$130,$E$59:$E$130,$B146) -> 1 | H146: =SUMIFS($G$59:$G$130,$D$59:$D$130,$B146)+SUMIFS($F$59:$F$130,$E$59:$E$130,$B146) -> 4 | I146: =G146-H146 -> -3 | J146: =D146*3+E146 -> 3 | K146: =J146*1000000+I146*1000+G146 -> 2997001 | L146: =1+SUMPRODUCT(--($A$143:$A$146=$A146),--($K$143:$K$146>K146))+SUMPRODUCT(--($A$143:$A$146=$A146),--($K$143:$K$146=K146),--(ROW($B$143:$B$146)<ROW(B146))) -> 3 | M146: {=IF(L146=3,1+SUMPRODUCT(--($L$135:$L$182=3),--($K$135:$K$182>K146))+SUMPRODUCT(--($L$135:$L$182=3),--($K$135:$K$182=K146),--(((($B$135:$B$182="Ghana")*(-3)+($B$135:$B$182="Ecuador")*(-5)))>IF($B146="Ghana",-3,IF($B146="Ecuador",-5,0))))+SUMPRODUCT(--($L$135:$L$182=3),--($K$135:$K$182=K146),--(((($B$135:$B$182="Ghana")*(-3)+($B$135:$B$182="Ecuador")*(-5)))=IF($B146="Ghana",-3,IF($B146="Ecuador",-5,0))),--(ROW($B$135:$B$182)<ROW(B146))),"")} -> 11 | N146: =IF(L146<=2,"Yes",IF(AND(L146=3,M146<=8),"Yes","No")) -> No
A147: D | B147: United States | C147: =D147+E147+F147 -> 3 | D147: =SUMPRODUCT(--($D$59:$D$130=$B147),--($I$59:$I$130=3))+SUMPRODUCT(--($E$59:$E$130=$B147),--($J$59:$J$130=3)) -> 2 | E147: =SUMPRODUCT(--($D$59:$D$130=$B147),--($I$59:$I$130=1))+SUMPRODUCT(--($E$59:$E$130=$B147),--($J$59:$J$130=1)) -> 0 | F147: =SUMPRODUCT(--($D$59:$D$130=$B147),--($I$59:$I$130=0))+SUMPRODUCT(--($E$59:$E$130=$B147),--($J$59:$J$130=0)) -> 1 | G147: =SUMIFS($F$59:$F$130,$D$59:$D$130,$B147)+SUMIFS($G$59:$G$130,$E$59:$E$130,$B147) -> 8 | H147: =SUMIFS($G$59:$G$130,$D$59:$D$130,$B147)+SUMIFS($F$59:$F$130,$E$59:$E$130,$B147) -> 4 | I147: =G147-H147 -> 4 | J147: =D147*3+E147 -> 6 | K147: =J147*1000000+I147*1000+G147 -> 6004008 | L147: =1+SUMPRODUCT(--($A$147:$A$150=$A147),--($K$147:$K$150>K147))+SUMPRODUCT(--($A$147:$A$150=$A147),--($K$147:$K$150=K147),--(ROW($B$147:$B$150)<ROW(B147))) -> 1 | M147: {=IF(L147=3,1+SUMPRODUCT(--($L$135:$L$182=3),--($K$135:$K$182>K147))+SUMPRODUCT(--($L$135:$L$182=3),--($K$135:$K$182=K147),--(((($B$135:$B$182="Ghana")*(-3)+($B$135:$B$182="Ecuador")*(-5)))>IF($B147="Ghana",-3,IF($B147="Ecuador",-5,0))))+SUMPRODUCT(--($L$135:$L$182=3),--($K$135:$K$182=K147),--(((($B$135:$B$182="Ghana")*(-3)+($B$135:$B$182="Ecuador")*(-5)))=IF($B147="Ghana",-3,IF($B147="Ecuador",-5,0))),--(ROW($B$135:$B$182)<ROW(B147))),"")} | N147: =IF(L147<=2,"Yes",IF(AND(L147=3,M147<=8),"Yes","No")) -> Yes
A148: D | B148: Australia | C148: =D148+E148+F148 -> 3 | D148: =SUMPRODUCT(--($D$59:$D$130=$B148),--($I$59:$I$130=3))+SUMPRODUCT(--($E$59:$E$130=$B148),--($J$59:$J$130=3)) -> 1 | E148: =SUMPRODUCT(--($D$59:$D$130=$B148),--($I$59:$I$130=1))+SUMPRODUCT(--($E$59:$E$130=$B148),--($J$59:$J$130=1)) -> 1 | F148: =SUMPRODUCT(--($D$59:$D$130=$B148),--($I$59:$I$130=0))+SUMPRODUCT(--($E$59:$E$130=$B148),--($J$59:$J$130=0)) -> 1 | G148: =SUMIFS($F$59:$F$130,$D$59:$D$130,$B148)+SUMIFS($G$59:$G$130,$E$59:$E$130,$B148) -> 2 | H148: =SUMIFS($G$59:$G$130,$D$59:$D$130,$B148)+SUMIFS($F$59:$F$130,$E$59:$E$130,$B148) -> 2 | I148: =G148-H148 -> 0 | J148: =D148*3+E148 -> 4 | K148: =J148*1000000+I148*1000+G148 -> 4000002 | L148: =1+SUMPRODUCT(--($A$147:$A$150=$A148),--($K$147:$K$150>K148))+SUMPRODUCT(--($A$147:$A$150=$A148),--($K$147:$K$150=K148),--(ROW($B$147:$B$150)<ROW(B148))) -> 2 | M148: {=IF(L148=3,1+SUMPRODUCT(--($L$135:$L$182=3),--($K$135:$K$182>K148))+SUMPRODUCT(--($L$135:$L$182=3),--($K$135:$K$182=K148),--(((($B$135:$B$182="Ghana")*(-3)+($B$135:$B$182="Ecuador")*(-5)))>IF($B148="Ghana",-3,IF($B148="Ecuador",-5,0))))+SUMPRODUCT(--($L$135:$L$182=3),--($K$135:$K$182=K148),--(((($B$135:$B$182="Ghana")*(-3)+($B$135:$B$182="Ecuador")*(-5)))=IF($B148="Ghana",-3,IF($B148="Ecuador",-5,0))),--(ROW($B$135:$B$182)<ROW(B148))),"")} | N148: =IF(L148<=2,"Yes",IF(AND(L148=3,M148<=8),"Yes","No")) -> Yes
A149: D | B149: Paraguay | C149: =D149+E149+F149 -> 3 | D149: =SUMPRODUCT(--($D$59:$D$130=$B149),--($I$59:$I$130=3))+SUMPRODUCT(--($E$59:$E$130=$B149),--($J$59:$J$130=3)) -> 1 | E149: =SUMPRODUCT(--($D$59:$D$130=$B149),--($I$59:$I$130=1))+SUMPRODUCT(--($E$59:$E$130=$B149),--($J$59:$J$130=1)) -> 1 | F149: =SUMPRODUCT(--($D$59:$D$130=$B149),--($I$59:$I$130=0))+SUMPRODUCT(--($E$59:$E$130=$B149),--($J$59:$J$130=0)) -> 1 | G149: =SUMIFS($F$59:$F$130,$D$59:$D$130,$B149)+SUMIFS($G$59:$G$130,$E$59:$E$130,$B149) -> 2 | H149: =SUMIFS($G$59:$G$130,$D$59:$D$130,$B149)+SUMIFS($F$59:$F$130,$E$59:$E$130,$B149) -> 4 | I149: =G149-H149 -> -2 | J149: =D149*3+E149 -> 4 | K149: =J149*1000000+I149*1000+G149 -> 3998002 | L149: =1+SUMPRODUCT(--($A$147:$A$150=$A149),--($K$147:$K$150>K149))+SUMPRODUCT(--($A$147:$A$150=$A149),--($K$147:$K$150=K149),--(ROW($B$147:$B$150)<ROW(B149))) -> 3 | M149: {=IF(L149=3,1+SUMPRODUCT(--($L$135:$L$182=3),--($K$135:$K$182>K149))+SUMPRODUCT(--($L$135:$L$182=3),--($K$135:$K$182=K149),--(((($B$135:$B$182="Ghana")*(-3)+($B$135:$B$182="Ecuador")*(-5)))>IF($B149="Ghana",-3,IF($B149="Ecuador",-5,0))))+SUMPRODUCT(--($L$135:$L$182=3),--($K$135:$K$182=K149),--(((($B$135:$B$182="Ghana")*(-3)+($B$135:$B$182="Ecuador")*(-5)))=IF($B149="Ghana",-3,IF($B149="Ecuador",-5,0))),--(ROW($B$135:$B$182)<ROW(B149))),"")} -> 7 | N149: =IF(L149<=2,"Yes",IF(AND(L149=3,M149<=8),"Yes","No")) -> Yes
A150: D | B150: Türkiye | C150: =D150+E150+F150 -> 3 | D150: =SUMPRODUCT(--($D$59:$D$130=$B150),--($I$59:$I$130=3))+SUMPRODUCT(--($E$59:$E$130=$B150),--($J$59:$J$130=3)) -> 1 | E150: =SUMPRODUCT(--($D$59:$D$130=$B150),--($I$59:$I$130=1))+SUMPRODUCT(--($E$59:$E$130=$B150),--($J$59:$J$130=1)) -> 0 | F150: =SUMPRODUCT(--($D$59:$D$130=$B150),--($I$59:$I$130=0))+SUMPRODUCT(--($E$59:$E$130=$B150),--($J$59:$J$130=0)) -> 2 | G150: =SUMIFS($F$59:$F$130,$D$59:$D$130,$B150)+SUMIFS($G$59:$G$130,$E$59:$E$130,$B150) -> 3 | H150: =SUMIFS($G$59:$G$130,$D$59:$D$130,$B150)+SUMIFS($F$59:$F$130,$E$59:$E$130,$B150) -> 5 | I150: =G150-H150 -> -2 | J150: =D150*3+E150 -> 3 | K150: =J150*1000000+I150*1000+G150 -> 2998003 | L150: =1+SUMPRODUCT(--($A$147:$A$150=$A150),--($K$147:$K$150>K150))+SUMPRODUCT(--($A$147:$A$150=$A150),--($K$147:$K$150=K150),--(ROW($B$147:$B$150)<ROW(B150))) -> 4 | M150: {=IF(L150=3,1+SUMPRODUCT(--($L$135:$L$182=3),--($K$135:$K$182>K150))+SUMPRODUCT(--($L$135:$L$182=3),--($K$135:$K$182=K150),--(((($B$135:$B$182="Ghana")*(-3)+($B$135:$B$182="Ecuador")*(-5)))>IF($B150="Ghana",-3,IF($B150="Ecuador",-5,0))))+SUMPRODUCT(--($L$135:$L$182=3),--($K$135:$K$182=K150),--(((($B$135:$B$182="Ghana")*(-3)+($B$135:$B$182="Ecuador")*(-5)))=IF($B150="Ghana",-3,IF($B150="Ecuador",-5,0))),--(ROW($B$135:$B$182)<ROW(B150))),"")} | N150: =IF(L150<=2,"Yes",IF(AND(L150=3,M150<=8),"Yes","No")) -> No
A151: E | B151: Germany | C151: =D151+E151+F151 -> 3 | D151: =SUMPRODUCT(--($D$59:$D$130=$B151),--($I$59:$I$130=3))+SUMPRODUCT(--($E$59:$E$130=$B151),--($J$59:$J$130=3)) -> 2 | E151: =SUMPRODUCT(--($D$59:$D$130=$B151),--($I$59:$I$130=1))+SUMPRODUCT(--($E$59:$E$130=$B151),--($J$59:$J$130=1)) -> 0 | F151: =SUMPRODUCT(--($D$59:$D$130=$B151),--($I$59:$I$130=0))+SUMPRODUCT(--($E$59:$E$130=$B151),--($J$59:$J$130=0)) -> 1 | G151: =SUMIFS($F$59:$F$130,$D$59:$D$130,$B151)+SUMIFS($G$59:$G$130,$E$59:$E$130,$B151) -> 10 | H151: =SUMIFS($G$59:$G$130,$D$59:$D$130,$B151)+SUMIFS($F$59:$F$130,$E$59:$E$130,$B151) -> 4 | I151: =G151-H151 -> 6 | J151: =D151*3+E151 -> 6 | K151: =J151*1000000+I151*1000+G151 -> 6006010 | L151: =1+SUMPRODUCT(--($A$151:$A$154=$A151),--($K$151:$K$154>K151))+SUMPRODUCT(--($A$151:$A$154=$A151),--($K$151:$K$154=K151),--(ROW($B$151:$B$154)<ROW(B151))) -> 1 | M151: {=IF(L151=3,1+SUMPRODUCT(--($L$135:$L$182=3),--($K$135:$K$182>K151))+SUMPRODUCT(--($L$135:$L$182=3),--($K$135:$K$182=K151),--(((($B$135:$B$182="Ghana")*(-3)+($B$135:$B$182="Ecuador")*(-5)))>IF($B151="Ghana",-3,IF($B151="Ecuador",-5,0))))+SUMPRODUCT(--($L$135:$L$182=3),--($K$135:$K$182=K151),--(((($B$135:$B$182="Ghana")*(-3)+($B$135:$B$182="Ecuador")*(-5)))=IF($B151="Ghana",-3,IF($B151="Ecuador",-5,0))),--(ROW($B$135:$B$182)<ROW(B151))),"")} | N151: =IF(L151<=2,"Yes",IF(AND(L151=3,M151<=8),"Yes","No")) -> Yes
A152: E | B152: Curaçao | C152: =D152+E152+F152 -> 3 | D152: =SUMPRODUCT(--($D$59:$D$130=$B152),--($I$59:$I$130=3))+SUMPRODUCT(--($E$59:$E$130=$B152),--($J$59:$J$130=3)) -> 0 | E152: =SUMPRODUCT(--($D$59:$D$130=$B152),--($I$59:$I$130=1))+SUMPRODUCT(--($E$59:$E$130=$B152),--($J$59:$J$130=1)) -> 1 | F152: =SUMPRODUCT(--($D$59:$D$130=$B152),--($I$59:$I$130=0))+SUMPRODUCT(--($E$59:$E$130=$B152),--($J$59:$J$130=0)) -> 2 | G152: =SUMIFS($F$59:$F$130,$D$59:$D$130,$B152)+SUMIFS($G$59:$G$130,$E$59:$E$130,$B152) -> 1 | H152: =SUMIFS($G$59:$G$130,$D$59:$D$130,$B152)+SUMIFS($F$59:$F$130,$E$59:$E$130,$B152) -> 9 | I152: =G152-H152 -> -8 | J152: =D152*3+E152 -> 1 | K152: =J152*1000000+I152*1000+G152 -> 992001 | L152: =1+SUMPRODUCT(--($A$151:$A$154=$A152),--($K$151:$K$154>K152))+SUMPRODUCT(--($A$151:$A$154=$A152),--($K$151:$K$154=K152),--(ROW($B$151:$B$154)<ROW(B152))) -> 4 | M152: {=IF(L152=3,1+SUMPRODUCT(--($L$135:$L$182=3),--($K$135:$K$182>K152))+SUMPRODUCT(--($L$135:$L$182=3),--($K$135:$K$182=K152),--(((($B$135:$B$182="Ghana")*(-3)+($B$135:$B$182="Ecuador")*(-5)))>IF($B152="Ghana",-3,IF($B152="Ecuador",-5,0))))+SUMPRODUCT(--($L$135:$L$182=3),--($K$135:$K$182=K152),--(((($B$135:$B$182="Ghana")*(-3)+($B$135:$B$182="Ecuador")*(-5)))=IF($B152="Ghana",-3,IF($B152="Ecuador",-5,0))),--(ROW($B$135:$B$182)<ROW(B152))),"")} | N152: =IF(L152<=2,"Yes",IF(AND(L152=3,M152<=8),"Yes","No")) -> No
A153: E | B153: Côte d'Ivoire | C153: =D153+E153+F153 -> 3 | D153: =SUMPRODUCT(--($D$59:$D$130=$B153),--($I$59:$I$130=3))+SUMPRODUCT(--($E$59:$E$130=$B153),--($J$59:$J$130=3)) -> 2 | E153: =SUMPRODUCT(--($D$59:$D$130=$B153),--($I$59:$I$130=1))+SUMPRODUCT(--($E$59:$E$130=$B153),--($J$59:$J$130=1)) -> 0 | F153: =SUMPRODUCT(--($D$59:$D$130=$B153),--($I$59:$I$130=0))+SUMPRODUCT(--($E$59:$E$130=$B153),--($J$59:$J$130=0)) -> 1 | G153: =SUMIFS($F$59:$F$130,$D$59:$D$130,$B153)+SUMIFS($G$59:$G$130,$E$59:$E$130,$B153) -> 4 | H153: =SUMIFS($G$59:$G$130,$D$59:$D$130,$B153)+SUMIFS($F$59:$F$130,$E$59:$E$130,$B153) -> 2 | I153: =G153-H153 -> 2 | J153: =D153*3+E153 -> 6 | K153: =J153*1000000+I153*1000+G153 -> 6002004 | L153: =1+SUMPRODUCT(--($A$151:$A$154=$A153),--($K$151:$K$154>K153))+SUMPRODUCT(--($A$151:$A$154=$A153),--($K$151:$K$154=K153),--(ROW($B$151:$B$154)<ROW(B153))) -> 2 | M153: {=IF(L153=3,1+SUMPRODUCT(--($L$135:$L$182=3),--($K$135:$K$182>K153))+SUMPRODUCT(--($L$135:$L$182=3),--($K$135:$K$182=K153),--(((($B$135:$B$182="Ghana")*(-3)+($B$135:$B$182="Ecuador")*(-5)))>IF($B153="Ghana",-3,IF($B153="Ecuador",-5,0))))+SUMPRODUCT(--($L$135:$L$182=3),--($K$135:$K$182=K153),--(((($B$135:$B$182="Ghana")*(-3)+($B$135:$B$182="Ecuador")*(-5)))=IF($B153="Ghana",-3,IF($B153="Ecuador",-5,0))),--(ROW($B$135:$B$182)<ROW(B153))),"")} | N153: =IF(L153<=2,"Yes",IF(AND(L153=3,M153<=8),"Yes","No")) -> Yes
A154: E | B154: Ecuador | C154: =D154+E154+F154 -> 3 | D154: =SUMPRODUCT(--($D$59:$D$130=$B154),--($I$59:$I$130=3))+SUMPRODUCT(--($E$59:$E$130=$B154),--($J$59:$J$130=3)) -> 1 | E154: =SUMPRODUCT(--($D$59:$D$130=$B154),--($I$59:$I$130=1))+SUMPRODUCT(--($E$59:$E$130=$B154),--($J$59:$J$130=1)) -> 1 | F154: =SUMPRODUCT(--($D$59:$D$130=$B154),--($I$59:$I$130=0))+SUMPRODUCT(--($E$59:$E$130=$B154),--($J$59:$J$130=0)) -> 1 | G154: =SUMIFS($F$59:$F$130,$D$59:$D$130,$B154)+SUMIFS($G$59:$G$130,$E$59:$E$130,$B154) -> 2 | H154: =SUMIFS($G$59:$G$130,$D$59:$D$130,$B154)+SUMIFS($F$59:$F$130,$E$59:$E$130,$B154) -> 2 | I154: =G154-H154 -> 0 | J154: =D154*3+E154 -> 4 | K154: =J154*1000000+I154*1000+G154 -> 4000002 | L154: =1+SUMPRODUCT(--($A$151:$A$154=$A154),--($K$151:$K$154>K154))+SUMPRODUCT(--($A$151:$A$154=$A154),--($K$151:$K$154=K154),--(ROW($B$151:$B$154)<ROW(B154))) -> 3 | M154: {=IF(L154=3,1+SUMPRODUCT(--($L$135:$L$182=3),--($K$135:$K$182>K154))+SUMPRODUCT(--($L$135:$L$182=3),--($K$135:$K$182=K154),--(((($B$135:$B$182="Ghana")*(-3)+($B$135:$B$182="Ecuador")*(-5)))>IF($B154="Ghana",-3,IF($B154="Ecuador",-5,0))))+SUMPRODUCT(--($L$135:$L$182=3),--($K$135:$K$182=K154),--(((($B$135:$B$182="Ghana")*(-3)+($B$135:$B$182="Ecuador")*(-5)))=IF($B154="Ghana",-3,IF($B154="Ecuador",-5,0))),--(ROW($B$135:$B$182)<ROW(B154))),"")} -> 4 | N154: =IF(L154<=2,"Yes",IF(AND(L154=3,M154<=8),"Yes","No")) -> Yes
A155: F | B155: Netherlands | C155: =D155+E155+F155 -> 3 | D155: =SUMPRODUCT(--($D$59:$D$130=$B155),--($I$59:$I$130=3))+SUMPRODUCT(--($E$59:$E$130=$B155),--($J$59:$J$130=3)) -> 2 | E155: =SUMPRODUCT(--($D$59:$D$130=$B155),--($I$59:$I$130=1))+SUMPRODUCT(--($E$59:$E$130=$B155),--($J$59:$J$130=1)) -> 1 | F155: =SUMPRODUCT(--($D$59:$D$130=$B155),--($I$59:$I$130=0))+SUMPRODUCT(--($E$59:$E$130=$B155),--($J$59:$J$130=0)) -> 0 | G155: =SUMIFS($F$59:$F$130,$D$59:$D$130,$B155)+SUMIFS($G$59:$G$130,$E$59:$E$130,$B155) -> 10 | H155: =SUMIFS($G$59:$G$130,$D$59:$D$130,$B155)+SUMIFS($F$59:$F$130,$E$59:$E$130,$B155) -> 4 | I155: =G155-H155 -> 6 | J155: =D155*3+E155 -> 7 | K155: =J155*1000000+I155*1000+G155 -> 7006010 | L155: =1+SUMPRODUCT(--($A$155:$A$158=$A155),--($K$155:$K$158>K155))+SUMPRODUCT(--($A$155:$A$158=$A155),--($K$155:$K$158=K155),--(ROW($B$155:$B$158)<ROW(B155))) -> 1 | M155: {=IF(L155=3,1+SUMPRODUCT(--($L$135:$L$182=3),--($K$135:$K$182>K155))+SUMPRODUCT(--($L$135:$L$182=3),--($K$135:$K$182=K155),--(((($B$135:$B$182="Ghana")*(-3)+($B$135:$B$182="Ecuador")*(-5)))>IF($B155="Ghana",-3,IF($B155="Ecuador",-5,0))))+SUMPRODUCT(--($L$135:$L$182=3),--($K$135:$K$182=K155),--(((($B$135:$B$182="Ghana")*(-3)+($B$135:$B$182="Ecuador")*(-5)))=IF($B155="Ghana",-3,IF($B155="Ecuador",-5,0))),--(ROW($B$135:$B$182)<ROW(B155))),"")} | N155: =IF(L155<=2,"Yes",IF(AND(L155=3,M155<=8),"Yes","No")) -> Yes
A156: F | B156: Japan | C156: =D156+E156+F156 -> 3 | D156: =SUMPRODUCT(--($D$59:$D$130=$B156),--($I$59:$I$130=3))+SUMPRODUCT(--($E$59:$E$130=$B156),--($J$59:$J$130=3)) -> 1 | E156: =SUMPRODUCT(--($D$59:$D$130=$B156),--($I$59:$I$130=1))+SUMPRODUCT(--($E$59:$E$130=$B156),--($J$59:$J$130=1)) -> 2 | F156: =SUMPRODUCT(--($D$59:$D$130=$B156),--($I$59:$I$130=0))+SUMPRODUCT(--($E$59:$E$130=$B156),--($J$59:$J$130=0)) -> 0 | G156: =SUMIFS($F$59:$F$130,$D$59:$D$130,$B156)+SUMIFS($G$59:$G$130,$E$59:$E$130,$B156) -> 7 | H156: =SUMIFS($G$59:$G$130,$D$59:$D$130,$B156)+SUMIFS($F$59:$F$130,$E$59:$E$130,$B156) -> 3 | I156: =G156-H156 -> 4 | J156: =D156*3+E156 -> 5 | K156: =J156*1000000+I156*1000+G156 -> 5004007 | L156: =1+SUMPRODUCT(--($A$155:$A$158=$A156),--($K$155:$K$158>K156))+SUMPRODUCT(--($A$155:$A$158=$A156),--($K$155:$K$158=K156),--(ROW($B$155:$B$158)<ROW(B156))) -> 2 | M156: {=IF(L156=3,1+SUMPRODUCT(--($L$135:$L$182=3),--($K$135:$K$182>K156))+SUMPRODUCT(--($L$135:$L$182=3),--($K$135:$K$182=K156),--(((($B$135:$B$182="Ghana")*(-3)+($B$135:$B$182="Ecuador")*(-5)))>IF($B156="Ghana",-3,IF($B156="Ecuador",-5,0))))+SUMPRODUCT(--($L$135:$L$182=3),--($K$135:$K$182=K156),--(((($B$135:$B$182="Ghana")*(-3)+($B$135:$B$182="Ecuador")*(-5)))=IF($B156="Ghana",-3,IF($B156="Ecuador",-5,0))),--(ROW($B$135:$B$182)<ROW(B156))),"")} | N156: =IF(L156<=2,"Yes",IF(AND(L156=3,M156<=8),"Yes","No")) -> Yes
A157: F | B157: Sweden | C157: =D157+E157+F157 -> 3 | D157: =SUMPRODUCT(--($D$59:$D$130=$B157),--($I$59:$I$130=3))+SUMPRODUCT(--($E$59:$E$130=$B157),--($J$59:$J$130=3)) -> 1 | E157: =SUMPRODUCT(--($D$59:$D$130=$B157),--($I$59:$I$130=1))+SUMPRODUCT(--($E$59:$E$130=$B157),--($J$59:$J$130=1)) -> 1 | F157: =SUMPRODUCT(--($D$59:$D$130=$B157),--($I$59:$I$130=0))+SUMPRODUCT(--($E$59:$E$130=$B157),--($J$59:$J$130=0)) -> 1 | G157: =SUMIFS($F$59:$F$130,$D$59:$D$130,$B157)+SUMIFS($G$59:$G$130,$E$59:$E$130,$B157) -> 7 | H157: =SUMIFS($G$59:$G$130,$D$59:$D$130,$B157)+SUMIFS($F$59:$F$130,$E$59:$E$130,$B157) -> 7 | I157: =G157-H157 -> 0 | J157: =D157*3+E157 -> 4 | K157: =J157*1000000+I157*1000+G157 -> 4000007 | L157: =1+SUMPRODUCT(--($A$155:$A$158=$A157),--($K$155:$K$158>K157))+SUMPRODUCT(--($A$155:$A$158=$A157),--($K$155:$K$158=K157),--(ROW($B$155:$B$158)<ROW(B157))) -> 3 | M157: {=IF(L157=3,1+SUMPRODUCT(--($L$135:$L$182=3),--($K$135:$K$182>K157))+SUMPRODUCT(--($L$135:$L$182=3),--($K$135:$K$182=K157),--(((($B$135:$B$182="Ghana")*(-3)+($B$135:$B$182="Ecuador")*(-5)))>IF($B157="Ghana",-3,IF($B157="Ecuador",-5,0))))+SUMPRODUCT(--($L$135:$L$182=3),--($K$135:$K$182=K157),--(((($B$135:$B$182="Ghana")*(-3)+($B$135:$B$182="Ecuador")*(-5)))=IF($B157="Ghana",-3,IF($B157="Ecuador",-5,0))),--(ROW($B$135:$B$182)<ROW(B157))),"")} -> 2 | N157: =IF(L157<=2,"Yes",IF(AND(L157=3,M157<=8),"Yes","No")) -> Yes
A158: F | B158: Tunisia | C158: =D158+E158+F158 -> 3 | D158: =SUMPRODUCT(--($D$59:$D$130=$B158),--($I$59:$I$130=3))+SUMPRODUCT(--($E$59:$E$130=$B158),--($J$59:$J$130=3)) -> 0 | E158: =SUMPRODUCT(--($D$59:$D$130=$B158),--($I$59:$I$130=1))+SUMPRODUCT(--($E$59:$E$130=$B158),--($J$59:$J$130=1)) -> 0 | F158: =SUMPRODUCT(--($D$59:$D$130=$B158),--($I$59:$I$130=0))+SUMPRODUCT(--($E$59:$E$130=$B158),--($J$59:$J$130=0)) -> 3 | G158: =SUMIFS($F$59:$F$130,$D$59:$D$130,$B158)+SUMIFS($G$59:$G$130,$E$59:$E$130,$B158) -> 2 | H158: =SUMIFS($G$59:$G$130,$D$59:$D$130,$B158)+SUMIFS($F$59:$F$130,$E$59:$E$130,$B158) -> 12 | I158: =G158-H158 -> -10 | J158: =D158*3+E158 -> 0 | K158: =J158*1000000+I158*1000+G158 -> -9998 | L158: =1+SUMPRODUCT(--($A$155:$A$158=$A158),--($K$155:$K$158>K158))+SUMPRODUCT(--($A$155:$A$158=$A158),--($K$155:$K$158=K158),--(ROW($B$155:$B$158)<ROW(B158))) -> 4 | M158: {=IF(L158=3,1+SUMPRODUCT(--($L$135:$L$182=3),--($K$135:$K$182>K158))+SUMPRODUCT(--($L$135:$L$182=3),--($K$135:$K$182=K158),--(((($B$135:$B$182="Ghana")*(-3)+($B$135:$B$182="Ecuador")*(-5)))>IF($B158="Ghana",-3,IF($B158="Ecuador",-5,0))))+SUMPRODUCT(--($L$135:$L$182=3),--($K$135:$K$182=K158),--(((($B$135:$B$182="Ghana")*(-3)+($B$135:$B$182="Ecuador")*(-5)))=IF($B158="Ghana",-3,IF($B158="Ecuador",-5,0))),--(ROW($B$135:$B$182)<ROW(B158))),"")} | N158: =IF(L158<=2,"Yes",IF(AND(L158=3,M158<=8),"Yes","No")) -> No
A159: G | B159: Belgium | C159: =D159+E159+F159 -> 3 | D159: =SUMPRODUCT(--($D$59:$D$130=$B159),--($I$59:$I$130=3))+SUMPRODUCT(--($E$59:$E$130=$B159),--($J$59:$J$130=3)) -> 1 | E159: =SUMPRODUCT(--($D$59:$D$130=$B159),--($I$59:$I$130=1))+SUMPRODUCT(--($E$59:$E$130=$B159),--($J$59:$J$130=1)) -> 2 | F159: =SUMPRODUCT(--($D$59:$D$130=$B159),--($I$59:$I$130=0))+SUMPRODUCT(--($E$59:$E$130=$B159),--($J$59:$J$130=0)) -> 0 | G159: =SUMIFS($F$59:$F$130,$D$59:$D$130,$B159)+SUMIFS($G$59:$G$130,$E$59:$E$130,$B159) -> 6 | H159: =SUMIFS($G$59:$G$130,$D$59:$D$130,$B159)+SUMIFS($F$59:$F$130,$E$59:$E$130,$B159) -> 2 | I159: =G159-H159 -> 4 | J159: =D159*3+E159 -> 5 | K159: =J159*1000000+I159*1000+G159 -> 5004006 | L159: =1+SUMPRODUCT(--($A$159:$A$162=$A159),--($K$159:$K$162>K159))+SUMPRODUCT(--($A$159:$A$162=$A159),--($K$159:$K$162=K159),--(ROW($B$159:$B$162)<ROW(B159))) -> 1 | M159: {=IF(L159=3,1+SUMPRODUCT(--($L$135:$L$182=3),--($K$135:$K$182>K159))+SUMPRODUCT(--($L$135:$L$182=3),--($K$135:$K$182=K159),--(((($B$135:$B$182="Ghana")*(-3)+($B$135:$B$182="Ecuador")*(-5)))>IF($B159="Ghana",-3,IF($B159="Ecuador",-5,0))))+SUMPRODUCT(--($L$135:$L$182=3),--($K$135:$K$182=K159),--(((($B$135:$B$182="Ghana")*(-3)+($B$135:$B$182="Ecuador")*(-5)))=IF($B159="Ghana",-3,IF($B159="Ecuador",-5,0))),--(ROW($B$135:$B$182)<ROW(B159))),"")} | N159: =IF(L159<=2,"Yes",IF(AND(L159=3,M159<=8),"Yes","No")) -> Yes
A160: G | B160: Egypt | C160: =D160+E160+F160 -> 3 | D160: =SUMPRODUCT(--($D$59:$D$130=$B160),--($I$59:$I$130=3))+SUMPRODUCT(--($E$59:$E$130=$B160),--($J$59:$J$130=3)) -> 1 | E160: =SUMPRODUCT(--($D$59:$D$130=$B160),--($I$59:$I$130=1))+SUMPRODUCT(--($E$59:$E$130=$B160),--($J$59:$J$130=1)) -> 2 | F160: =SUMPRODUCT(--($D$59:$D$130=$B160),--($I$59:$I$130=0))+SUMPRODUCT(--($E$59:$E$130=$B160),--($J$59:$J$130=0)) -> 0 | G160: =SUMIFS($F$59:$F$130,$D$59:$D$130,$B160)+SUMIFS($G$59:$G$130,$E$59:$E$130,$B160) -> 5 | H160: =SUMIFS($G$59:$G$130,$D$59:$D$130,$B160)+SUMIFS($F$59:$F$130,$E$59:$E$130,$B160) -> 3 | I160: =G160-H160 -> 2 | J160: =D160*3+E160 -> 5 | K160: =J160*1000000+I160*1000+G160 -> 5002005 | L160: =1+SUMPRODUCT(--($A$159:$A$162=$A160),--($K$159:$K$162>K160))+SUMPRODUCT(--($A$159:$A$162=$A160),--($K$159:$K$162=K160),--(ROW($B$159:$B$162)<ROW(B160))) -> 2 | M160: {=IF(L160=3,1+SUMPRODUCT(--($L$135:$L$182=3),--($K$135:$K$182>K160))+SUMPRODUCT(--($L$135:$L$182=3),--($K$135:$K$182=K160),--(((($B$135:$B$182="Ghana")*(-3)+($B$135:$B$182="Ecuador")*(-5)))>IF($B160="Ghana",-3,IF($B160="Ecuador",-5,0))))+SUMPRODUCT(--($L$135:$L$182=3),--($K$135:$K$182=K160),--(((($B$135:$B$182="Ghana")*(-3)+($B$135:$B$182="Ecuador")*(-5)))=IF($B160="Ghana",-3,IF($B160="Ecuador",-5,0))),--(ROW($B$135:$B$182)<ROW(B160))),"")} | N160: =IF(L160<=2,"Yes",IF(AND(L160=3,M160<=8),"Yes","No")) -> Yes
A161: G | B161: IR Iran | C161: =D161+E161+F161 -> 3 | D161: =SUMPRODUCT(--($D$59:$D$130=$B161),--($I$59:$I$130=3))+SUMPRODUCT(--($E$59:$E$130=$B161),--($J$59:$J$130=3)) -> 0 | E161: =SUMPRODUCT(--($D$59:$D$130=$B161),--($I$59:$I$130=1))+SUMPRODUCT(--($E$59:$E$130=$B161),--($J$59:$J$130=1)) -> 3 | F161: =SUMPRODUCT(--($D$59:$D$130=$B161),--($I$59:$I$130=0))+SUMPRODUCT(--($E$59:$E$130=$B161),--($J$59:$J$130=0)) -> 0 | G161: =SUMIFS($F$59:$F$130,$D$59:$D$130,$B161)+SUMIFS($G$59:$G$130,$E$59:$E$130,$B161) -> 3 | H161: =SUMIFS($G$59:$G$130,$D$59:$D$130,$B161)+SUMIFS($F$59:$F$130,$E$59:$E$130,$B161) -> 3 | I161: =G161-H161 -> 0 | J161: =D161*3+E161 -> 3 | K161: =J161*1000000+I161*1000+G161 -> 3000003 | L161: =1+SUMPRODUCT(--($A$159:$A$162=$A161),--($K$159:$K$162>K161))+SUMPRODUCT(--($A$159:$A$162=$A161),--($K$159:$K$162=K161),--(ROW($B$159:$B$162)<ROW(B161))) -> 3 | M161: {=IF(L161=3,1+SUMPRODUCT(--($L$135:$L$182=3),--($K$135:$K$182>K161))+SUMPRODUCT(--($L$135:$L$182=3),--($K$135:$K$182=K161),--(((($B$135:$B$182="Ghana")*(-3)+($B$135:$B$182="Ecuador")*(-5)))>IF($B161="Ghana",-3,IF($B161="Ecuador",-5,0))))+SUMPRODUCT(--($L$135:$L$182=3),--($K$135:$K$182=K161),--(((($B$135:$B$182="Ghana")*(-3)+($B$135:$B$182="Ecuador")*(-5)))=IF($B161="Ghana",-3,IF($B161="Ecuador",-5,0))),--(ROW($B$135:$B$182)<ROW(B161))),"")} -> 9 | N161: =IF(L161<=2,"Yes",IF(AND(L161=3,M161<=8),"Yes","No")) -> No
A162: G | B162: New Zealand | C162: =D162+E162+F162 -> 3 | D162: =SUMPRODUCT(--($D$59:$D$130=$B162),--($I$59:$I$130=3))+SUMPRODUCT(--($E$59:$E$130=$B162),--($J$59:$J$130=3)) -> 0 | E162: =SUMPRODUCT(--($D$59:$D$130=$B162),--($I$59:$I$130=1))+SUMPRODUCT(--($E$59:$E$130=$B162),--($J$59:$J$130=1)) -> 1 | F162: =SUMPRODUCT(--($D$59:$D$130=$B162),--($I$59:$I$130=0))+SUMPRODUCT(--($E$59:$E$130=$B162),--($J$59:$J$130=0)) -> 2 | G162: =SUMIFS($F$59:$F$130,$D$59:$D$130,$B162)+SUMIFS($G$59:$G$130,$E$59:$E$130,$B162) -> 4 | H162: =SUMIFS($G$59:$G$130,$D$59:$D$130,$B162)+SUMIFS($F$59:$F$130,$E$59:$E$130,$B162) -> 10 | I162: =G162-H162 -> -6 | J162: =D162*3+E162 -> 1 | K162: =J162*1000000+I162*1000+G162 -> 994004 | L162: =1+SUMPRODUCT(--($A$159:$A$162=$A162),--($K$159:$K$162>K162))+SUMPRODUCT(--($A$159:$A$162=$A162),--($K$159:$K$162=K162),--(ROW($B$159:$B$162)<ROW(B162))) -> 4 | M162: {=IF(L162=3,1+SUMPRODUCT(--($L$135:$L$182=3),--($K$135:$K$182>K162))+SUMPRODUCT(--($L$135:$L$182=3),--($K$135:$K$182=K162),--(((($B$135:$B$182="Ghana")*(-3)+($B$135:$B$182="Ecuador")*(-5)))>IF($B162="Ghana",-3,IF($B162="Ecuador",-5,0))))+SUMPRODUCT(--($L$135:$L$182=3),--($K$135:$K$182=K162),--(((($B$135:$B$182="Ghana")*(-3)+($B$135:$B$182="Ecuador")*(-5)))=IF($B162="Ghana",-3,IF($B162="Ecuador",-5,0))),--(ROW($B$135:$B$182)<ROW(B162))),"")} | N162: =IF(L162<=2,"Yes",IF(AND(L162=3,M162<=8),"Yes","No")) -> No
A163: H | B163: Spain | C163: =D163+E163+F163 -> 3 | D163: =SUMPRODUCT(--($D$59:$D$130=$B163),--($I$59:$I$130=3))+SUMPRODUCT(--($E$59:$E$130=$B163),--($J$59:$J$130=3)) -> 2 | E163: =SUMPRODUCT(--($D$59:$D$130=$B163),--($I$59:$I$130=1))+SUMPRODUCT(--($E$59:$E$130=$B163),--($J$59:$J$130=1)) -> 1 | F163: =SUMPRODUCT(--($D$59:$D$130=$B163),--($I$59:$I$130=0))+SUMPRODUCT(--($E$59:$E$130=$B163),--($J$59:$J$130=0)) -> 0 | G163: =SUMIFS($F$59:$F$130,$D$59:$D$130,$B163)+SUMIFS($G$59:$G$130,$E$59:$E$130,$B163) -> 5 | H163: =SUMIFS($G$59:$G$130,$D$59:$D$130,$B163)+SUMIFS($F$59:$F$130,$E$59:$E$130,$B163) -> 0 | I163: =G163-H163 -> 5 | J163: =D163*3+E163 -> 7 | K163: =J163*1000000+I163*1000+G163 -> 7005005 | L163: =1+SUMPRODUCT(--($A$163:$A$166=$A163),--($K$163:$K$166>K163))+SUMPRODUCT(--($A$163:$A$166=$A163),--($K$163:$K$166=K163),--(ROW($B$163:$B$166)<ROW(B163))) -> 1 | M163: {=IF(L163=3,1+SUMPRODUCT(--($L$135:$L$182=3),--($K$135:$K$182>K163))+SUMPRODUCT(--($L$135:$L$182=3),--($K$135:$K$182=K163),--(((($B$135:$B$182="Ghana")*(-3)+($B$135:$B$182="Ecuador")*(-5)))>IF($B163="Ghana",-3,IF($B163="Ecuador",-5,0))))+SUMPRODUCT(--($L$135:$L$182=3),--($K$135:$K$182=K163),--(((($B$135:$B$182="Ghana")*(-3)+($B$135:$B$182="Ecuador")*(-5)))=IF($B163="Ghana",-3,IF($B163="Ecuador",-5,0))),--(ROW($B$135:$B$182)<ROW(B163))),"")} | N163: =IF(L163<=2,"Yes",IF(AND(L163=3,M163<=8),"Yes","No")) -> Yes
A164: H | B164: Cabo Verde | C164: =D164+E164+F164 -> 3 | D164: =SUMPRODUCT(--($D$59:$D$130=$B164),--($I$59:$I$130=3))+SUMPRODUCT(--($E$59:$E$130=$B164),--($J$59:$J$130=3)) -> 0 | E164: =SUMPRODUCT(--($D$59:$D$130=$B164),--($I$59:$I$130=1))+SUMPRODUCT(--($E$59:$E$130=$B164),--($J$59:$J$130=1)) -> 3 | F164: =SUMPRODUCT(--($D$59:$D$130=$B164),--($I$59:$I$130=0))+SUMPRODUCT(--($E$59:$E$130=$B164),--($J$59:$J$130=0)) -> 0 | G164: =SUMIFS($F$59:$F$130,$D$59:$D$130,$B164)+SUMIFS($G$59:$G$130,$E$59:$E$130,$B164) -> 2 | H164: =SUMIFS($G$59:$G$130,$D$59:$D$130,$B164)+SUMIFS($F$59:$F$130,$E$59:$E$130,$B164) -> 2 | I164: =G164-H164 -> 0 | J164: =D164*3+E164 -> 3 | K164: =J164*1000000+I164*1000+G164 -> 3000002 | L164: =1+SUMPRODUCT(--($A$163:$A$166=$A164),--($K$163:$K$166>K164))+SUMPRODUCT(--($A$163:$A$166=$A164),--($K$163:$K$166=K164),--(ROW($B$163:$B$166)<ROW(B164))) -> 2 | M164: {=IF(L164=3,1+SUMPRODUCT(--($L$135:$L$182=3),--($K$135:$K$182>K164))+SUMPRODUCT(--($L$135:$L$182=3),--($K$135:$K$182=K164),--(((($B$135:$B$182="Ghana")*(-3)+($B$135:$B$182="Ecuador")*(-5)))>IF($B164="Ghana",-3,IF($B164="Ecuador",-5,0))))+SUMPRODUCT(--($L$135:$L$182=3),--($K$135:$K$182=K164),--(((($B$135:$B$182="Ghana")*(-3)+($B$135:$B$182="Ecuador")*(-5)))=IF($B164="Ghana",-3,IF($B164="Ecuador",-5,0))),--(ROW($B$135:$B$182)<ROW(B164))),"")} | N164: =IF(L164<=2,"Yes",IF(AND(L164=3,M164<=8),"Yes","No")) -> Yes
A165: H | B165: Saudi Arabia | C165: =D165+E165+F165 -> 3 | D165: =SUMPRODUCT(--($D$59:$D$130=$B165),--($I$59:$I$130=3))+SUMPRODUCT(--($E$59:$E$130=$B165),--($J$59:$J$130=3)) -> 0 | E165: =SUMPRODUCT(--($D$59:$D$130=$B165),--($I$59:$I$130=1))+SUMPRODUCT(--($E$59:$E$130=$B165),--($J$59:$J$130=1)) -> 2 | F165: =SUMPRODUCT(--($D$59:$D$130=$B165),--($I$59:$I$130=0))+SUMPRODUCT(--($E$59:$E$130=$B165),--($J$59:$J$130=0)) -> 1 | G165: =SUMIFS($F$59:$F$130,$D$59:$D$130,$B165)+SUMIFS($G$59:$G$130,$E$59:$E$130,$B165) -> 1 | H165: =SUMIFS($G$59:$G$130,$D$59:$D$130,$B165)+SUMIFS($F$59:$F$130,$E$59:$E$130,$B165) -> 5 | I165: =G165-H165 -> -4 | J165: =D165*3+E165 -> 2 | K165: =J165*1000000+I165*1000+G165 -> 1996001 | L165: =1+SUMPRODUCT(--($A$163:$A$166=$A165),--($K$163:$K$166>K165))+SUMPRODUCT(--($A$163:$A$166=$A165),--($K$163:$K$166=K165),--(ROW($B$163:$B$166)<ROW(B165))) -> 4 | M165: {=IF(L165=3,1+SUMPRODUCT(--($L$135:$L$182=3),--($K$135:$K$182>K165))+SUMPRODUCT(--($L$135:$L$182=3),--($K$135:$K$182=K165),--(((($B$135:$B$182="Ghana")*(-3)+($B$135:$B$182="Ecuador")*(-5)))>IF($B165="Ghana",-3,IF($B165="Ecuador",-5,0))))+SUMPRODUCT(--($L$135:$L$182=3),--($K$135:$K$182=K165),--(((($B$135:$B$182="Ghana")*(-3)+($B$135:$B$182="Ecuador")*(-5)))=IF($B165="Ghana",-3,IF($B165="Ecuador",-5,0))),--(ROW($B$135:$B$182)<ROW(B165))),"")} | N165: =IF(L165<=2,"Yes",IF(AND(L165=3,M165<=8),"Yes","No")) -> No
A166: H | B166: Uruguay | C166: =D166+E166+F166 -> 3 | D166: =SUMPRODUCT(--($D$59:$D$130=$B166),--($I$59:$I$130=3))+SUMPRODUCT(--($E$59:$E$130=$B166),--($J$59:$J$130=3)) -> 0 | E166: =SUMPRODUCT(--($D$59:$D$130=$B166),--($I$59:$I$130=1))+SUMPRODUCT(--($E$59:$E$130=$B166),--($J$59:$J$130=1)) -> 2 | F166: =SUMPRODUCT(--($D$59:$D$130=$B166),--($I$59:$I$130=0))+SUMPRODUCT(--($E$59:$E$130=$B166),--($J$59:$J$130=0)) -> 1 | G166: =SUMIFS($F$59:$F$130,$D$59:$D$130,$B166)+SUMIFS($G$59:$G$130,$E$59:$E$130,$B166) -> 3 | H166: =SUMIFS($G$59:$G$130,$D$59:$D$130,$B166)+SUMIFS($F$59:$F$130,$E$59:$E$130,$B166) -> 4 | I166: =G166-H166 -> -1 | J166: =D166*3+E166 -> 2 | K166: =J166*1000000+I166*1000+G166 -> 1999003 | L166: =1+SUMPRODUCT(--($A$163:$A$166=$A166),--($K$163:$K$166>K166))+SUMPRODUCT(--($A$163:$A$166=$A166),--($K$163:$K$166=K166),--(ROW($B$163:$B$166)<ROW(B166))) -> 3 | M166: {=IF(L166=3,1+SUMPRODUCT(--($L$135:$L$182=3),--($K$135:$K$182>K166))+SUMPRODUCT(--($L$135:$L$182=3),--($K$135:$K$182=K166),--(((($B$135:$B$182="Ghana")*(-3)+($B$135:$B$182="Ecuador")*(-5)))>IF($B166="Ghana",-3,IF($B166="Ecuador",-5,0))))+SUMPRODUCT(--($L$135:$L$182=3),--($K$135:$K$182=K166),--(((($B$135:$B$182="Ghana")*(-3)+($B$135:$B$182="Ecuador")*(-5)))=IF($B166="Ghana",-3,IF($B166="Ecuador",-5,0))),--(ROW($B$135:$B$182)<ROW(B166))),"")} -> 12 | N166: =IF(L166<=2,"Yes",IF(AND(L166=3,M166<=8),"Yes","No")) -> No
A167: I | B167: France | C167: =D167+E167+F167 -> 3 | D167: =SUMPRODUCT(--($D$59:$D$130=$B167),--($I$59:$I$130=3))+SUMPRODUCT(--($E$59:$E$130=$B167),--($J$59:$J$130=3)) -> 3 | E167: =SUMPRODUCT(--($D$59:$D$130=$B167),--($I$59:$I$130=1))+SUMPRODUCT(--($E$59:$E$130=$B167),--($J$59:$J$130=1)) -> 0 | F167: =SUMPRODUCT(--($D$59:$D$130=$B167),--($I$59:$I$130=0))+SUMPRODUCT(--($E$59:$E$130=$B167),--($J$59:$J$130=0)) -> 0 | G167: =SUMIFS($F$59:$F$130,$D$59:$D$130,$B167)+SUMIFS($G$59:$G$130,$E$59:$E$130,$B167) -> 10 | H167: =SUMIFS($G$59:$G$130,$D$59:$D$130,$B167)+SUMIFS($F$59:$F$130,$E$59:$E$130,$B167) -> 2 | I167: =G167-H167 -> 8 | J167: =D167*3+E167 -> 9 | K167: =J167*1000000+I167*1000+G167 -> 9008010 | L167: =1+SUMPRODUCT(--($A$167:$A$170=$A167),--($K$167:$K$170>K167))+SUMPRODUCT(--($A$167:$A$170=$A167),--($K$167:$K$170=K167),--(ROW($B$167:$B$170)<ROW(B167))) -> 1 | M167: {=IF(L167=3,1+SUMPRODUCT(--($L$135:$L$182=3),--($K$135:$K$182>K167))+SUMPRODUCT(--($L$135:$L$182=3),--($K$135:$K$182=K167),--(((($B$135:$B$182="Ghana")*(-3)+($B$135:$B$182="Ecuador")*(-5)))>IF($B167="Ghana",-3,IF($B167="Ecuador",-5,0))))+SUMPRODUCT(--($L$135:$L$182=3),--($K$135:$K$182=K167),--(((($B$135:$B$182="Ghana")*(-3)+($B$135:$B$182="Ecuador")*(-5)))=IF($B167="Ghana",-3,IF($B167="Ecuador",-5,0))),--(ROW($B$135:$B$182)<ROW(B167))),"")} | N167: =IF(L167<=2,"Yes",IF(AND(L167=3,M167<=8),"Yes","No")) -> Yes
A168: I | B168: Senegal | C168: =D168+E168+F168 -> 3 | D168: =SUMPRODUCT(--($D$59:$D$130=$B168),--($I$59:$I$130=3))+SUMPRODUCT(--($E$59:$E$130=$B168),--($J$59:$J$130=3)) -> 1 | E168: =SUMPRODUCT(--($D$59:$D$130=$B168),--($I$59:$I$130=1))+SUMPRODUCT(--($E$59:$E$130=$B168),--($J$59:$J$130=1)) -> 0 | F168: =SUMPRODUCT(--($D$59:$D$130=$B168),--($I$59:$I$130=0))+SUMPRODUCT(--($E$59:$E$130=$B168),--($J$59:$J$130=0)) -> 2 | G168: =SUMIFS($F$59:$F$130,$D$59:$D$130,$B168)+SUMIFS($G$59:$G$130,$E$59:$E$130,$B168) -> 8 | H168: =SUMIFS($G$59:$G$130,$D$59:$D$130,$B168)+SUMIFS($F$59:$F$130,$E$59:$E$130,$B168) -> 6 | I168: =G168-H168 -> 2 | J168: =D168*3+E168 -> 3 | K168: =J168*1000000+I168*1000+G168 -> 3002008 | L168: =1+SUMPRODUCT(--($A$167:$A$170=$A168),--($K$167:$K$170>K168))+SUMPRODUCT(--($A$167:$A$170=$A168),--($K$167:$K$170=K168),--(ROW($B$167:$B$170)<ROW(B168))) -> 3 | M168: {=IF(L168=3,1+SUMPRODUCT(--($L$135:$L$182=3),--($K$135:$K$182>K168))+SUMPRODUCT(--($L$135:$L$182=3),--($K$135:$K$182=K168),--(((($B$135:$B$182="Ghana")*(-3)+($B$135:$B$182="Ecuador")*(-5)))>IF($B168="Ghana",-3,IF($B168="Ecuador",-5,0))))+SUMPRODUCT(--($L$135:$L$182=3),--($K$135:$K$182=K168),--(((($B$135:$B$182="Ghana")*(-3)+($B$135:$B$182="Ecuador")*(-5)))=IF($B168="Ghana",-3,IF($B168="Ecuador",-5,0))),--(ROW($B$135:$B$182)<ROW(B168))),"")} -> 8 | N168: =IF(L168<=2,"Yes",IF(AND(L168=3,M168<=8),"Yes","No")) -> Yes
A169: I | B169: Iraq | C169: =D169+E169+F169 -> 3 | D169: =SUMPRODUCT(--($D$59:$D$130=$B169),--($I$59:$I$130=3))+SUMPRODUCT(--($E$59:$E$130=$B169),--($J$59:$J$130=3)) -> 0 | E169: =SUMPRODUCT(--($D$59:$D$130=$B169),--($I$59:$I$130=1))+SUMPRODUCT(--($E$59:$E$130=$B169),--($J$59:$J$130=1)) -> 0 | F169: =SUMPRODUCT(--($D$59:$D$130=$B169),--($I$59:$I$130=0))+SUMPRODUCT(--($E$59:$E$130=$B169),--($J$59:$J$130=0)) -> 3 | G169: =SUMIFS($F$59:$F$130,$D$59:$D$130,$B169)+SUMIFS($G$59:$G$130,$E$59:$E$130,$B169) -> 1 | H169: =SUMIFS($G$59:$G$130,$D$59:$D$130,$B169)+SUMIFS($F$59:$F$130,$E$59:$E$130,$B169) -> 12 | I169: =G169-H169 -> -11 | J169: =D169*3+E169 -> 0 | K169: =J169*1000000+I169*1000+G169 -> -10999 | L169: =1+SUMPRODUCT(--($A$167:$A$170=$A169),--($K$167:$K$170>K169))+SUMPRODUCT(--($A$167:$A$170=$A169),--($K$167:$K$170=K169),--(ROW($B$167:$B$170)<ROW(B169))) -> 4 | M169: {=IF(L169=3,1+SUMPRODUCT(--($L$135:$L$182=3),--($K$135:$K$182>K169))+SUMPRODUCT(--($L$135:$L$182=3),--($K$135:$K$182=K169),--(((($B$135:$B$182="Ghana")*(-3)+($B$135:$B$182="Ecuador")*(-5)))>IF($B169="Ghana",-3,IF($B169="Ecuador",-5,0))))+SUMPRODUCT(--($L$135:$L$182=3),--($K$135:$K$182=K169),--(((($B$135:$B$182="Ghana")*(-3)+($B$135:$B$182="Ecuador")*(-5)))=IF($B169="Ghana",-3,IF($B169="Ecuador",-5,0))),--(ROW($B$135:$B$182)<ROW(B169))),"")} | N169: =IF(L169<=2,"Yes",IF(AND(L169=3,M169<=8),"Yes","No")) -> No
A170: I | B170: Norway | C170: =D170+E170+F170 -> 3 | D170: =SUMPRODUCT(--($D$59:$D$130=$B170),--($I$59:$I$130=3))+SUMPRODUCT(--($E$59:$E$130=$B170),--($J$59:$J$130=3)) -> 2 | E170: =SUMPRODUCT(--($D$59:$D$130=$B170),--($I$59:$I$130=1))+SUMPRODUCT(--($E$59:$E$130=$B170),--($J$59:$J$130=1)) -> 0 | F170: =SUMPRODUCT(--($D$59:$D$130=$B170),--($I$59:$I$130=0))+SUMPRODUCT(--($E$59:$E$130=$B170),--($J$59:$J$130=0)) -> 1 | G170: =SUMIFS($F$59:$F$130,$D$59:$D$130,$B170)+SUMIFS($G$59:$G$130,$E$59:$E$130,$B170) -> 8 | H170: =SUMIFS($G$59:$G$130,$D$59:$D$130,$B170)+SUMIFS($F$59:$F$130,$E$59:$E$130,$B170) -> 7 | I170: =G170-H170 -> 1 | J170: =D170*3+E170 -> 6 | K170: =J170*1000000+I170*1000+G170 -> 6001008 | L170: =1+SUMPRODUCT(--($A$167:$A$170=$A170),--($K$167:$K$170>K170))+SUMPRODUCT(--($A$167:$A$170=$A170),--($K$167:$K$170=K170),--(ROW($B$167:$B$170)<ROW(B170))) -> 2 | M170: {=IF(L170=3,1+SUMPRODUCT(--($L$135:$L$182=3),--($K$135:$K$182>K170))+SUMPRODUCT(--($L$135:$L$182=3),--($K$135:$K$182=K170),--(((($B$135:$B$182="Ghana")*(-3)+($B$135:$B$182="Ecuador")*(-5)))>IF($B170="Ghana",-3,IF($B170="Ecuador",-5,0))))+SUMPRODUCT(--($L$135:$L$182=3),--($K$135:$K$182=K170),--(((($B$135:$B$182="Ghana")*(-3)+($B$135:$B$182="Ecuador")*(-5)))=IF($B170="Ghana",-3,IF($B170="Ecuador",-5,0))),--(ROW($B$135:$B$182)<ROW(B170))),"")} | N170: =IF(L170<=2,"Yes",IF(AND(L170=3,M170<=8),"Yes","No")) -> Yes
A171: J | B171: Argentina | C171: =D171+E171+F171 -> 3 | D171: =SUMPRODUCT(--($D$59:$D$130=$B171),--($I$59:$I$130=3))+SUMPRODUCT(--($E$59:$E$130=$B171),--($J$59:$J$130=3)) -> 3 | E171: =SUMPRODUCT(--($D$59:$D$130=$B171),--($I$59:$I$130=1))+SUMPRODUCT(--($E$59:$E$130=$B171),--($J$59:$J$130=1)) -> 0 | F171: =SUMPRODUCT(--($D$59:$D$130=$B171),--($I$59:$I$130=0))+SUMPRODUCT(--($E$59:$E$130=$B171),--($J$59:$J$130=0)) -> 0 | G171: =SUMIFS($F$59:$F$130,$D$59:$D$130,$B171)+SUMIFS($G$59:$G$130,$E$59:$E$130,$B171) -> 8 | H171: =SUMIFS($G$59:$G$130,$D$59:$D$130,$B171)+SUMIFS($F$59:$F$130,$E$59:$E$130,$B171) -> 1 | I171: =G171-H171 -> 7 | J171: =D171*3+E171 -> 9 | K171: =J171*1000000+I171*1000+G171 -> 9007008 | L171: =1+SUMPRODUCT(--($A$171:$A$174=$A171),--($K$171:$K$174>K171))+SUMPRODUCT(--($A$171:$A$174=$A171),--($K$171:$K$174=K171),--(ROW($B$171:$B$174)<ROW(B171))) -> 1 | M171: {=IF(L171=3,1+SUMPRODUCT(--($L$135:$L$182=3),--($K$135:$K$182>K171))+SUMPRODUCT(--($L$135:$L$182=3),--($K$135:$K$182=K171),--(((($B$135:$B$182="Ghana")*(-3)+($B$135:$B$182="Ecuador")*(-5)))>IF($B171="Ghana",-3,IF($B171="Ecuador",-5,0))))+SUMPRODUCT(--($L$135:$L$182=3),--($K$135:$K$182=K171),--(((($B$135:$B$182="Ghana")*(-3)+($B$135:$B$182="Ecuador")*(-5)))=IF($B171="Ghana",-3,IF($B171="Ecuador",-5,0))),--(ROW($B$135:$B$182)<ROW(B171))),"")} | N171: =IF(L171<=2,"Yes",IF(AND(L171=3,M171<=8),"Yes","No")) -> Yes
A172: J | B172: Algeria | C172: =D172+E172+F172 -> 3 | D172: =SUMPRODUCT(--($D$59:$D$130=$B172),--($I$59:$I$130=3))+SUMPRODUCT(--($E$59:$E$130=$B172),--($J$59:$J$130=3)) -> 1 | E172: =SUMPRODUCT(--($D$59:$D$130=$B172),--($I$59:$I$130=1))+SUMPRODUCT(--($E$59:$E$130=$B172),--($J$59:$J$130=1)) -> 1 | F172: =SUMPRODUCT(--($D$59:$D$130=$B172),--($I$59:$I$130=0))+SUMPRODUCT(--($E$59:$E$130=$B172),--($J$59:$J$130=0)) -> 1 | G172: =SUMIFS($F$59:$F$130,$D$59:$D$130,$B172)+SUMIFS($G$59:$G$130,$E$59:$E$130,$B172) -> 5 | H172: =SUMIFS($G$59:$G$130,$D$59:$D$130,$B172)+SUMIFS($F$59:$F$130,$E$59:$E$130,$B172) -> 7 | I172: =G172-H172 -> -2 | J172: =D172*3+E172 -> 4 | K172: =J172*1000000+I172*1000+G172 -> 3998005 | L172: =1+SUMPRODUCT(--($A$171:$A$174=$A172),--($K$171:$K$174>K172))+SUMPRODUCT(--($A$171:$A$174=$A172),--($K$171:$K$174=K172),--(ROW($B$171:$B$174)<ROW(B172))) -> 3 | M172: {=IF(L172=3,1+SUMPRODUCT(--($L$135:$L$182=3),--($K$135:$K$182>K172))+SUMPRODUCT(--($L$135:$L$182=3),--($K$135:$K$182=K172),--(((($B$135:$B$182="Ghana")*(-3)+($B$135:$B$182="Ecuador")*(-5)))>IF($B172="Ghana",-3,IF($B172="Ecuador",-5,0))))+SUMPRODUCT(--($L$135:$L$182=3),--($K$135:$K$182=K172),--(((($B$135:$B$182="Ghana")*(-3)+($B$135:$B$182="Ecuador")*(-5)))=IF($B172="Ghana",-3,IF($B172="Ecuador",-5,0))),--(ROW($B$135:$B$182)<ROW(B172))),"")} -> 6 | N172: =IF(L172<=2,"Yes",IF(AND(L172=3,M172<=8),"Yes","No")) -> Yes
A173: J | B173: Austria | C173: =D173+E173+F173 -> 3 | D173: =SUMPRODUCT(--($D$59:$D$130=$B173),--($I$59:$I$130=3))+SUMPRODUCT(--($E$59:$E$130=$B173),--($J$59:$J$130=3)) -> 1 | E173: =SUMPRODUCT(--($D$59:$D$130=$B173),--($I$59:$I$130=1))+SUMPRODUCT(--($E$59:$E$130=$B173),--($J$59:$J$130=1)) -> 1 | F173: =SUMPRODUCT(--($D$59:$D$130=$B173),--($I$59:$I$130=0))+SUMPRODUCT(--($E$59:$E$130=$B173),--($J$59:$J$130=0)) -> 1 | G173: =SUMIFS($F$59:$F$130,$D$59:$D$130,$B173)+SUMIFS($G$59:$G$130,$E$59:$E$130,$B173) -> 6 | H173: =SUMIFS($G$59:$G$130,$D$59:$D$130,$B173)+SUMIFS($F$59:$F$130,$E$59:$E$130,$B173) -> 6 | I173: =G173-H173 -> 0 | J173: =D173*3+E173 -> 4 | K173: =J173*1000000+I173*1000+G173 -> 4000006 | L173: =1+SUMPRODUCT(--($A$171:$A$174=$A173),--($K$171:$K$174>K173))+SUMPRODUCT(--($A$171:$A$174=$A173),--($K$171:$K$174=K173),--(ROW($B$171:$B$174)<ROW(B173))) -> 2 | M173: {=IF(L173=3,1+SUMPRODUCT(--($L$135:$L$182=3),--($K$135:$K$182>K173))+SUMPRODUCT(--($L$135:$L$182=3),--($K$135:$K$182=K173),--(((($B$135:$B$182="Ghana")*(-3)+($B$135:$B$182="Ecuador")*(-5)))>IF($B173="Ghana",-3,IF($B173="Ecuador",-5,0))))+SUMPRODUCT(--($L$135:$L$182=3),--($K$135:$K$182=K173),--(((($B$135:$B$182="Ghana")*(-3)+($B$135:$B$182="Ecuador")*(-5)))=IF($B173="Ghana",-3,IF($B173="Ecuador",-5,0))),--(ROW($B$135:$B$182)<ROW(B173))),"")} | N173: =IF(L173<=2,"Yes",IF(AND(L173=3,M173<=8),"Yes","No")) -> Yes
A174: J | B174: Jordan | C174: =D174+E174+F174 -> 3 | D174: =SUMPRODUCT(--($D$59:$D$130=$B174),--($I$59:$I$130=3))+SUMPRODUCT(--($E$59:$E$130=$B174),--($J$59:$J$130=3)) -> 0 | E174: =SUMPRODUCT(--($D$59:$D$130=$B174),--($I$59:$I$130=1))+SUMPRODUCT(--($E$59:$E$130=$B174),--($J$59:$J$130=1)) -> 0 | F174: =SUMPRODUCT(--($D$59:$D$130=$B174),--($I$59:$I$130=0))+SUMPRODUCT(--($E$59:$E$130=$B174),--($J$59:$J$130=0)) -> 3 | G174: =SUMIFS($F$59:$F$130,$D$59:$D$130,$B174)+SUMIFS($G$59:$G$130,$E$59:$E$130,$B174) -> 3 | H174: =SUMIFS($G$59:$G$130,$D$59:$D$130,$B174)+SUMIFS($F$59:$F$130,$E$59:$E$130,$B174) -> 8 | I174: =G174-H174 -> -5 | J174: =D174*3+E174 -> 0 | K174: =J174*1000000+I174*1000+G174 -> -4997 | L174: =1+SUMPRODUCT(--($A$171:$A$174=$A174),--($K$171:$K$174>K174))+SUMPRODUCT(--($A$171:$A$174=$A174),--($K$171:$K$174=K174),--(ROW($B$171:$B$174)<ROW(B174))) -> 4 | M174: {=IF(L174=3,1+SUMPRODUCT(--($L$135:$L$182=3),--($K$135:$K$182>K174))+SUMPRODUCT(--($L$135:$L$182=3),--($K$135:$K$182=K174),--(((($B$135:$B$182="Ghana")*(-3)+($B$135:$B$182="Ecuador")*(-5)))>IF($B174="Ghana",-3,IF($B174="Ecuador",-5,0))))+SUMPRODUCT(--($L$135:$L$182=3),--($K$135:$K$182=K174),--(((($B$135:$B$182="Ghana")*(-3)+($B$135:$B$182="Ecuador")*(-5)))=IF($B174="Ghana",-3,IF($B174="Ecuador",-5,0))),--(ROW($B$135:$B$182)<ROW(B174))),"")} | N174: =IF(L174<=2,"Yes",IF(AND(L174=3,M174<=8),"Yes","No")) -> No
A175: K | B175: Colombia | C175: =D175+E175+F175 -> 3 | D175: =SUMPRODUCT(--($D$59:$D$130=$B175),--($I$59:$I$130=3))+SUMPRODUCT(--($E$59:$E$130=$B175),--($J$59:$J$130=3)) -> 2 | E175: =SUMPRODUCT(--($D$59:$D$130=$B175),--($I$59:$I$130=1))+SUMPRODUCT(--($E$59:$E$130=$B175),--($J$59:$J$130=1)) -> 1 | F175: =SUMPRODUCT(--($D$59:$D$130=$B175),--($I$59:$I$130=0))+SUMPRODUCT(--($E$59:$E$130=$B175),--($J$59:$J$130=0)) -> 0 | G175: =SUMIFS($F$59:$F$130,$D$59:$D$130,$B175)+SUMIFS($G$59:$G$130,$E$59:$E$130,$B175) -> 4 | H175: =SUMIFS($G$59:$G$130,$D$59:$D$130,$B175)+SUMIFS($F$59:$F$130,$E$59:$E$130,$B175) -> 1 | I175: =G175-H175 -> 3 | J175: =D175*3+E175 -> 7 | K175: =J175*1000000+I175*1000+G175 -> 7003004 | L175: =1+SUMPRODUCT(--($A$175:$A$178=$A175),--($K$175:$K$178>K175))+SUMPRODUCT(--($A$175:$A$178=$A175),--($K$175:$K$178=K175),--(ROW($B$175:$B$178)<ROW(B175))) -> 1 | M175: {=IF(L175=3,1+SUMPRODUCT(--($L$135:$L$182=3),--($K$135:$K$182>K175))+SUMPRODUCT(--($L$135:$L$182=3),--($K$135:$K$182=K175),--(((($B$135:$B$182="Ghana")*(-3)+($B$135:$B$182="Ecuador")*(-5)))>IF($B175="Ghana",-3,IF($B175="Ecuador",-5,0))))+SUMPRODUCT(--($L$135:$L$182=3),--($K$135:$K$182=K175),--(((($B$135:$B$182="Ghana")*(-3)+($B$135:$B$182="Ecuador")*(-5)))=IF($B175="Ghana",-3,IF($B175="Ecuador",-5,0))),--(ROW($B$135:$B$182)<ROW(B175))),"")} | N175: =IF(L175<=2,"Yes",IF(AND(L175=3,M175<=8),"Yes","No")) -> Yes
A176: K | B176: Portugal | C176: =D176+E176+F176 -> 3 | D176: =SUMPRODUCT(--($D$59:$D$130=$B176),--($I$59:$I$130=3))+SUMPRODUCT(--($E$59:$E$130=$B176),--($J$59:$J$130=3)) -> 1 | E176: =SUMPRODUCT(--($D$59:$D$130=$B176),--($I$59:$I$130=1))+SUMPRODUCT(--($E$59:$E$130=$B176),--($J$59:$J$130=1)) -> 2 | F176: =SUMPRODUCT(--($D$59:$D$130=$B176),--($I$59:$I$130=0))+SUMPRODUCT(--($E$59:$E$130=$B176),--($J$59:$J$130=0)) -> 0 | G176: =SUMIFS($F$59:$F$130,$D$59:$D$130,$B176)+SUMIFS($G$59:$G$130,$E$59:$E$130,$B176) -> 6 | H176: =SUMIFS($G$59:$G$130,$D$59:$D$130,$B176)+SUMIFS($F$59:$F$130,$E$59:$E$130,$B176) -> 1 | I176: =G176-H176 -> 5 | J176: =D176*3+E176 -> 5 | K176: =J176*1000000+I176*1000+G176 -> 5005006 | L176: =1+SUMPRODUCT(--($A$175:$A$178=$A176),--($K$175:$K$178>K176))+SUMPRODUCT(--($A$175:$A$178=$A176),--($K$175:$K$178=K176),--(ROW($B$175:$B$178)<ROW(B176))) -> 2 | M176: {=IF(L176=3,1+SUMPRODUCT(--($L$135:$L$182=3),--($K$135:$K$182>K176))+SUMPRODUCT(--($L$135:$L$182=3),--($K$135:$K$182=K176),--(((($B$135:$B$182="Ghana")*(-3)+($B$135:$B$182="Ecuador")*(-5)))>IF($B176="Ghana",-3,IF($B176="Ecuador",-5,0))))+SUMPRODUCT(--($L$135:$L$182=3),--($K$135:$K$182=K176),--(((($B$135:$B$182="Ghana")*(-3)+($B$135:$B$182="Ecuador")*(-5)))=IF($B176="Ghana",-3,IF($B176="Ecuador",-5,0))),--(ROW($B$135:$B$182)<ROW(B176))),"")} | N176: =IF(L176<=2,"Yes",IF(AND(L176=3,M176<=8),"Yes","No")) -> Yes
A177: K | B177: Uzbekistan | C177: =D177+E177+F177 -> 3 | D177: =SUMPRODUCT(--($D$59:$D$130=$B177),--($I$59:$I$130=3))+SUMPRODUCT(--($E$59:$E$130=$B177),--($J$59:$J$130=3)) -> 0 | E177: =SUMPRODUCT(--($D$59:$D$130=$B177),--($I$59:$I$130=1))+SUMPRODUCT(--($E$59:$E$130=$B177),--($J$59:$J$130=1)) -> 0 | F177: =SUMPRODUCT(--($D$59:$D$130=$B177),--($I$59:$I$130=0))+SUMPRODUCT(--($E$59:$E$130=$B177),--($J$59:$J$130=0)) -> 3 | G177: =SUMIFS($F$59:$F$130,$D$59:$D$130,$B177)+SUMIFS($G$59:$G$130,$E$59:$E$130,$B177) -> 2 | H177: =SUMIFS($G$59:$G$130,$D$59:$D$130,$B177)+SUMIFS($F$59:$F$130,$E$59:$E$130,$B177) -> 11 | I177: =G177-H177 -> -9 | J177: =D177*3+E177 -> 0 | K177: =J177*1000000+I177*1000+G177 -> -8998 | L177: =1+SUMPRODUCT(--($A$175:$A$178=$A177),--($K$175:$K$178>K177))+SUMPRODUCT(--($A$175:$A$178=$A177),--($K$175:$K$178=K177),--(ROW($B$175:$B$178)<ROW(B177))) -> 4 | M177: {=IF(L177=3,1+SUMPRODUCT(--($L$135:$L$182=3),--($K$135:$K$182>K177))+SUMPRODUCT(--($L$135:$L$182=3),--($K$135:$K$182=K177),--(((($B$135:$B$182="Ghana")*(-3)+($B$135:$B$182="Ecuador")*(-5)))>IF($B177="Ghana",-3,IF($B177="Ecuador",-5,0))))+SUMPRODUCT(--($L$135:$L$182=3),--($K$135:$K$182=K177),--(((($B$135:$B$182="Ghana")*(-3)+($B$135:$B$182="Ecuador")*(-5)))=IF($B177="Ghana",-3,IF($B177="Ecuador",-5,0))),--(ROW($B$135:$B$182)<ROW(B177))),"")} | N177: =IF(L177<=2,"Yes",IF(AND(L177=3,M177<=8),"Yes","No")) -> No
A178: K | B178: Congo DR | C178: =D178+E178+F178 -> 3 | D178: =SUMPRODUCT(--($D$59:$D$130=$B178),--($I$59:$I$130=3))+SUMPRODUCT(--($E$59:$E$130=$B178),--($J$59:$J$130=3)) -> 1 | E178: =SUMPRODUCT(--($D$59:$D$130=$B178),--($I$59:$I$130=1))+SUMPRODUCT(--($E$59:$E$130=$B178),--($J$59:$J$130=1)) -> 1 | F178: =SUMPRODUCT(--($D$59:$D$130=$B178),--($I$59:$I$130=0))+SUMPRODUCT(--($E$59:$E$130=$B178),--($J$59:$J$130=0)) -> 1 | G178: =SUMIFS($F$59:$F$130,$D$59:$D$130,$B178)+SUMIFS($G$59:$G$130,$E$59:$E$130,$B178) -> 4 | H178: =SUMIFS($G$59:$G$130,$D$59:$D$130,$B178)+SUMIFS($F$59:$F$130,$E$59:$E$130,$B178) -> 3 | I178: =G178-H178 -> 1 | J178: =D178*3+E178 -> 4 | K178: =J178*1000000+I178*1000+G178 -> 4001004 | L178: =1+SUMPRODUCT(--($A$175:$A$178=$A178),--($K$175:$K$178>K178))+SUMPRODUCT(--($A$175:$A$178=$A178),--($K$175:$K$178=K178),--(ROW($B$175:$B$178)<ROW(B178))) -> 3 | M178: {=IF(L178=3,1+SUMPRODUCT(--($L$135:$L$182=3),--($K$135:$K$182>K178))+SUMPRODUCT(--($L$135:$L$182=3),--($K$135:$K$182=K178),--(((($B$135:$B$182="Ghana")*(-3)+($B$135:$B$182="Ecuador")*(-5)))>IF($B178="Ghana",-3,IF($B178="Ecuador",-5,0))))+SUMPRODUCT(--($L$135:$L$182=3),--($K$135:$K$182=K178),--(((($B$135:$B$182="Ghana")*(-3)+($B$135:$B$182="Ecuador")*(-5)))=IF($B178="Ghana",-3,IF($B178="Ecuador",-5,0))),--(ROW($B$135:$B$182)<ROW(B178))),"")} -> 1 | N178: =IF(L178<=2,"Yes",IF(AND(L178=3,M178<=8),"Yes","No")) -> Yes
...

Sheet Group Stage Predictions
A1: Group Stage Predictions
C3: Group A | H3: Group B | M3: Group C | R3: Group D | W3: Group E | AB3: Group F | AG3: Group G | AL3: Group H | AQ3: Group I | AV3: Group J | BA3: Group K | BF3: Group L
A4: Enter predicted 1st, 2nd, and advancing 3rd-place teams for each group. Use the drop-down team list.
A5: Player | C5: 1st | D5: 2nd | E5: 3rd | F5: Pts | G5: Corr | H5: 1st | I5: 2nd | J5: 3rd | K5: Pts | L5: Corr | M5: 1st | N5: 2nd | O5: 3rd | P5: Pts | Q5: Corr | R5: 1st | S5: 2nd | T5: 3rd | U5: Pts | V5: Corr | W5: 1st | X5: 2nd | Y5: 3rd | Z5: Pts | AA5: Corr | AB5: 1st | AC5: 2nd | AD5: 3rd | AE5: Pts | AF5: Corr | AG5: 1st | AH5: 2nd | AI5: 3rd | AJ5: Pts | AK5: Corr | AL5: 1st | AM5: 2nd | AN5: 3rd | AO5: Pts | AP5: Corr | AQ5: 1st | AR5: 2nd | AS5: 3rd | AT5: Pts | AU5: Corr | AV5: 1st | AW5: 2nd | AX5: 3rd | AY5: Pts | AZ5: Corr | BA5: 1st | BB5: 2nd | BC5: 3rd | BD5: Pts | BE5: Corr | BF5: 1st | BG5: 2nd | BH5: 3rd | BI5: Pts | BJ5: Corr | BK5: Group Pts | BL5: Group Corr | BM5: Completion %
A6: =IF(Players!B6="","",Players!B6) -> Febby Yudhi Pratama | C6: Mexico | D6: Korea Republic | E6: South Africa | F6: =IF(AND(C6<>"",'Official Results'!C6<>""),IF(C6='Official Results'!C6,'Instructions & Rules'!$K$4,IF(C6='Official Results'!C7,'Instructions & Rules'!$K$6,0)),0)+IF(AND(D6<>"",'Official Results'!C7<>""),IF(D6='Official Results'!C7,'Instructions & Rules'!$K$5,IF(D6='Official Results'!C6,'Instructions & Rules'!$K$6,0)),0)+IF(AND(E6<>"",'Official Results'!C8<>"",'Official Results'!G8="Yes"),IF(E6='Official Results'!C8,'Instructions & Rules'!$K$7,0),0)+IF(AND(C6='Official Results'!C6,D6='Official Results'!C7,'Official Results'!C6<>"",'Official Results'!C7<>""),'Instructions & Rules'!$K$8,0)+IF(AND(C6='Official Results'!C6,D6='Official Results'!C7,E6='Official Results'!C8,'Official Results'!G8="Yes"),'Instructions & Rules'!$K$9,0) -> 4 | G6: =IF(AND(C6<>"",'Official Results'!C6<>"",C6='Official Results'!C6),1,0)+IF(AND(D6<>"",'Official Results'!C7<>"",D6='Official Results'!C7),1,0)+IF(AND(E6<>"",'Official Results'!C8<>"",'Official Results'!G8="Yes",E6='Official Results'!C8),1,0) -> 1 | H6: Switzerland | I6: Canada | J6: Bosnia and Herzegovina | K6: =IF(AND(H6<>"",'Official Results'!J6<>""),IF(H6='Official Results'!J6,'Instructions & Rules'!$K$4,IF(H6='Official Results'!J7,'Instructions & Rules'!$K$6,0)),0)+IF(AND(I6<>"",'Official Results'!J7<>""),IF(I6='Official Results'!J7,'Instructions & Rules'!$K$5,IF(I6='Official Results'!J6,'Instructions & Rules'!$K$6,0)),0)+IF(AND(J6<>"",'Official Results'!J8<>"",'Official Results'!N8="Yes"),IF(J6='Official Results'!J8,'Instructions & Rules'!$K$7,0),0)+IF(AND(H6='Official Results'!J6,I6='Official Results'!J7,'Official Results'!J6<>"",'Official Results'!J7<>""),'Instructions & Rules'!$K$8,0)+IF(AND(H6='Official Results'!J6,I6='Official Results'!J7,J6='Official Results'!J8,'Official Results'!N8="Yes"),'Instructions & Rules'!$K$9,0) -> 15 | L6: =IF(AND(H6<>"",'Official Results'!J6<>"",H6='Official Results'!J6),1,0)+IF(AND(I6<>"",'Official Results'!J7<>"",I6='Official Results'!J7),1,0)+IF(AND(J6<>"",'Official Results'!J8<>"",'Official Results'!N8="Yes",J6='Official Results'!J8),1,0) -> 3 | M6: Brazil | N6: Morocco | O6: Scotland | P6: =IF(AND(M6<>"",'Official Results'!Q6<>""),IF(M6='Official Results'!Q6,'Instructions & Rules'!$K$4,IF(M6='Official Results'!Q7,'Instructions & Rules'!$K$6,0)),0)+IF(AND(N6<>"",'Official Results'!Q7<>""),IF(N6='Official Results'!Q7,'Instructions & Rules'!$K$5,IF(N6='Official Results'!Q6,'Instructions & Rules'!$K$6,0)),0)+IF(AND(O6<>"",'Official Results'!Q8<>"",'Official Results'!U8="Yes"),IF(O6='Official Results'!Q8,'Instructions & Rules'!$K$7,0),0)+IF(AND(M6='Official Results'!Q6,N6='Official Results'!Q7,'Official Results'!Q6<>"",'Official Results'!Q7<>""),'Instructions & Rules'!$K$8,0)+IF(AND(M6='Official Results'!Q6,N6='Official Results'!Q7,O6='Official Results'!Q8,'Official Results'!U8="Yes"),'Instructions & Rules'!$K$9,0) -> 10 | Q6: =IF(AND(M6<>"",'Official Results'!Q6<>"",M6='Official Results'!Q6),1,0)+IF(AND(N6<>"",'Official Results'!Q7<>"",N6='Official Results'!Q7),1,0)+IF(AND(O6<>"",'Official Results'!Q8<>"",'Official Results'!U8="Yes",O6='Official Results'!Q8),1,0) -> 2 | R6: Türkiye | S6: United States | T6: Australia | U6: =IF(AND(R6<>"",'Official Results'!X6<>""),IF(R6='Official Results'!X6,'Instructions & Rules'!$K$4,IF(R6='Official Results'!X7,'Instructions & Rules'!$K$6,0)),0)+IF(AND(S6<>"",'Official Results'!X7<>""),IF(S6='Official Results'!X7,'Instructions & Rules'!$K$5,IF(S6='Official Results'!X6,'Instructions & Rules'!$K$6,0)),0)+IF(AND(T6<>"",'Official Results'!X8<>"",'Official Results'!AB8="Yes"),IF(T6='Official Results'!X8,'Instructions & Rules'!$K$7,0),0)+IF(AND(R6='Official Results'!X6,S6='Official Results'!X7,'Official Results'!X6<>"",'Official Results'!X7<>""),'Instructions & Rules'!$K$8,0)+IF(AND(R6='Official Results'!X6,S6='Official Results'!X7,T6='Official Results'!X8,'Official Results'!AB8="Yes"),'Instructions & Rules'!$K$9,0) -> 1 | V6: =IF(AND(R6<>"",'Official Results'!X6<>"",R6='Official Results'!X6),1,0)+IF(AND(S6<>"",'Official Results'!X7<>"",S6='Official Results'!X7),1,0)+IF(AND(T6<>"",'Official Results'!X8<>"",'Official Results'!AB8="Yes",T6='Official Results'!X8),1,0) -> 0 | W6: Germany | X6: Côte d'Ivoire | Y6: Ecuador | Z6: =IF(AND(W6<>"",'Official Results'!C13<>""),IF(W6='Official Results'!C13,'Instructions & Rules'!$K$4,IF(W6='Official Results'!C14,'Instructions & Rules'!$K$6,0)),0)+IF(AND(X6<>"",'Official Results'!C14<>""),IF(X6='Official Results'!C14,'Instructions & Rules'!$K$5,IF(X6='Official Results'!C13,'Instructions & Rules'!$K$6,0)),0)+IF(AND(Y6<>"",'Official Results'!C15<>"",'Official Results'!G15="Yes"),IF(Y6='Official Results'!C15,'Instructions & Rules'!$K$7,0),0)+IF(AND(W6='Official Results'!C13,X6='Official Results'!C14,'Official Results'!C13<>"",'Official Results'!C14<>""),'Instructions & Rules'!$K$8,0)+IF(AND(W6='Official Results'!C13,X6='Official Results'!C14,Y6='Official Results'!C15,'Official Results'!G15="Yes"),'Instructions & Rules'!$K$9,0) -> 15 | AA6: =IF(AND(W6<>"",'Official Results'!C13<>"",W6='Official Results'!C13),1,0)+IF(AND(X6<>"",'Official Results'!C14<>"",X6='Official Results'!C14),1,0)+IF(AND(Y6<>"",'Official Results'!C15<>"",'Official Results'!G15="Yes",Y6='Official Results'!C15),1,0) -> 3 | AB6: Netherlands | AC6: Japan | AD6: Sweden | AE6: =IF(AND(AB6<>"",'Official Results'!J13<>""),IF(AB6='Official Results'!J13,'Instructions & Rules'!$K$4,IF(AB6='Official Results'!J14,'Instructions & Rules'!$K$6,0)),0)+IF(AND(AC6<>"",'Official Results'!J14<>""),IF(AC6='Official Results'!J14,'Instructions & Rules'!$K$5,IF(AC6='Official Results'!J13,'Instructions & Rules'!$K$6,0)),0)+IF(AND(AD6<>"",'Official Results'!J15<>"",'Official Results'!N15="Yes"),IF(AD6='Official Results'!J15,'Instructions & Rules'!$K$7,0),0)+IF(AND(AB6='Official Results'!J13,AC6='Official Results'!J14,'Official Results'!J13<>"",'Official Results'!J14<>""),'Instructions & Rules'!$K$8,0)+IF(AND(AB6='Official Results'!J13,AC6='Official Results'!J14,AD6='Official Results'!J15,'Official Results'!N15="Yes"),'Instructions & Rules'!$K$9,0) -> 15 | AF6: =IF(AND(AB6<>"",'Official Results'!J13<>"",AB6='Official Results'!J13),1,0)+IF(AND(AC6<>"",'Official Results'!J14<>"",AC6='Official Results'!J14),1,0)+IF(AND(AD6<>"",'Official Results'!J15<>"",'Official Results'!N15="Yes",AD6='Official Results'!J15),1,0) -> 3 | AG6: Belgium | AH6: Egypt | AI6: IR Iran | AJ6: =IF(AND(AG6<>"",'Official Results'!Q13<>""),IF(AG6='Official Results'!Q13,'Instructions & Rules'!$K$4,IF(AG6='Official Results'!Q14,'Instructions & Rules'!$K$6,0)),0)+IF(AND(AH6<>"",'Official Results'!Q14<>""),IF(AH6='Official Results'!Q14,'Instructions & Rules'!$K$5,IF(AH6='Official Results'!Q13,'Instructions & Rules'!$K$6,0)),0)+IF(AND(AI6<>"",'Official Results'!Q15<>"",'Official Results'!U15="Yes"),IF(AI6='Official Results'!Q15,'Instructions & Rules'!$K$7,0),0)+IF(AND(AG6='Official Results'!Q13,AH6='Official Results'!Q14,'Official Results'!Q13<>"",'Official Results'!Q14<>""),'Instructions & Rules'!$K$8,0)+IF(AND(AG6='Official Results'!Q13,AH6='Official Results'!Q14,AI6='Official Results'!Q15,'Official Results'!U15="Yes"),'Instructions & Rules'!$K$9,0) -> 10 | AK6: =IF(AND(AG6<>"",'Official Results'!Q13<>"",AG6='Official Results'!Q13),1,0)+IF(AND(AH6<>"",'Official Results'!Q14<>"",AH6='Official Results'!Q14),1,0)+IF(AND(AI6<>"",'Official Results'!Q15<>"",'Official Results'!U15="Yes",AI6='Official Results'!Q15),1,0) -> 2 | AL6: Spain | AM6: Uruguay | AN6: Saudi Arabia | AO6: =IF(AND(AL6<>"",'Official Results'!X13<>""),IF(AL6='Official Results'!X13,'Instructions & Rules'!$K$4,IF(AL6='Official Results'!X14,'Instructions & Rules'!$K$6,0)),0)+IF(AND(AM6<>"",'Official Results'!X14<>""),IF(AM6='Official Results'!X14,'Instructions & Rules'!$K$5,IF(AM6='Official Results'!X13,'Instructions & Rules'!$K$6,0)),0)+IF(AND(AN6<>"",'Official Results'!X15<>"",'Official Results'!AB15="Yes"),IF(AN6='Official Results'!X15,'Instructions & Rules'!$K$7,0),0)+IF(AND(AL6='Official Results'!X13,AM6='Official Results'!X14,'Official Results'!X13<>"",'Official Results'!X14<>""),'Instructions & Rules'!$K$8,0)+IF(AND(AL6='Official Results'!X13,AM6='Official Results'!X14,AN6='Official Results'!X15,'Official Results'!AB15="Yes"),'Instructions & Rules'!$K$9,0) -> 4 | AP6: =IF(AND(AL6<>"",'Official Results'!X13<>"",AL6='Official Results'!X13),1,0)+IF(AND(AM6<>"",'Official Results'!X14<>"",AM6='Official Results'!X14),1,0)+IF(AND(AN6<>"",'Official Results'!X15<>"",'Official Results'!AB15="Yes",AN6='Official Results'!X15),1,0) -> 1 | AQ6: France | AR6: Norway | AS6: Iraq | AT6: =IF(AND(AQ6<>"",'Official Results'!C20<>""),IF(AQ6='Official Results'!C20,'Instructions & Rules'!$K$4,IF(AQ6='Official Results'!C21,'Instructions & Rules'!$K$6,0)),0)+IF(AND(AR6<>"",'Official Results'!C21<>""),IF(AR6='Official Results'!C21,'Instructions & Rules'!$K$5,IF(AR6='Official Results'!C20,'Instructions & Rules'!$K$6,0)),0)+IF(AND(AS6<>"",'Official Results'!C22<>"",'Official Results'!G22="Yes"),IF(AS6='Official Results'!C22,'Instructions & Rules'!$K$7,0),0)+IF(AND(AQ6='Official Results'!C20,AR6='Official Results'!C21,'Official Results'!C20<>"",'Official Results'!C21<>""),'Instructions & Rules'!$K$8,0)+IF(AND(AQ6='Official Results'!C20,AR6='Official Results'!C21,AS6='Official Results'!C22,'Official Results'!G22="Yes"),'Instructions & Rules'!$K$9,0) -> 10 | AU6: =IF(AND(AQ6<>"",'Official Results'!C20<>"",AQ6='Official Results'!C20),1,0)+IF(AND(AR6<>"",'Official Results'!C21<>"",AR6='Official Results'!C21),1,0)+IF(AND(AS6<>"",'Official Results'!C22<>"",'Official Results'!G22="Yes",AS6='Official Results'!C22),1,0) -> 2 | AV6: Argentina | AW6: Algeria | AX6: Austria | AY6: =IF(AND(AV6<>"",'Official Results'!J20<>""),IF(AV6='Official Results'!J20,'Instructions & Rules'!$K$4,IF(AV6='Official Results'!J21,'Instructions & Rules'!$K$6,0)),0)+IF(AND(AW6<>"",'Official Results'!J21<>""),IF(AW6='Official Results'!J21,'Instructions & Rules'!$K$5,IF(AW6='Official Results'!J20,'Instructions & Rules'!$K$6,0)),0)+IF(AND(AX6<>"",'Official Results'!J22<>"",'Official Results'!N22="Yes"),IF(AX6='Official Results'!J22,'Instructions & Rules'!$K$7,0),0)+IF(AND(AV6='Official Results'!J20,AW6='Official Results'!J21,'Official Results'!J20<>"",'Official Results'!J21<>""),'Instructions & Rules'!$K$8,0)+IF(AND(AV6='Official Results'!J20,AW6='Official Results'!J21,AX6='Official Results'!J22,'Official Results'!N22="Yes"),'Instructions & Rules'!$K$9,0) -> 4 | AZ6: =IF(AND(AV6<>"",'Official Results'!J20<>"",AV6='Official Results'!J20),1,0)+IF(AND(AW6<>"",'Official Results'!J21<>"",AW6='Official Results'!J21),1,0)+IF(AND(AX6<>"",'Official Results'!J22<>"",'Official Results'!N22="Yes",AX6='Official Results'!J22),1,0) -> 1 | BA6: Portugal | BB6: Colombia | BC6: Uzbekistan | BD6: =IF(AND(BA6<>"",'Official Results'!Q20<>""),IF(BA6='Official Results'!Q20,'Instructions & Rules'!$K$4,IF(BA6='Official Results'!Q21,'Instructions & Rules'!$K$6,0)),0)+IF(AND(BB6<>"",'Official Results'!Q21<>""),IF(BB6='Official Results'!Q21,'Instructions & Rules'!$K$5,IF(BB6='Official Results'!Q20,'Instructions & Rules'!$K$6,0)),0)+IF(AND(BC6<>"",'Official Results'!Q22<>"",'Official Results'!U22="Yes"),IF(BC6='Official Results'!Q22,'Instructions & Rules'!$K$7,0),0)+IF(AND(BA6='Official Results'!Q20,BB6='Official Results'!Q21,'Official Results'!Q20<>"",'Official Results'!Q21<>""),'Instructions & Rules'!$K$8,0)+IF(AND(BA6='Official Results'!Q20,BB6='Official Results'!Q21,BC6='Official Results'!Q22,'Official Results'!U22="Yes"),'Instructions & Rules'!$K$9,0) -> 2 | BE6: =IF(AND(BA6<>"",'Official Results'!Q20<>"",BA6='Official Results'!Q20),1,0)+IF(AND(BB6<>"",'Official Results'!Q21<>"",BB6='Official Results'!Q21),1,0)+IF(AND(BC6<>"",'Official Results'!Q22<>"",'Official Results'!U22="Yes",BC6='Official Results'!Q22),1,0) -> 0 | BF6: England | BG6: Croatia | BH6: Ghana | BI6: =IF(AND(BF6<>"",'Official Results'!X20<>""),IF(BF6='Official Results'!X20,'Instructions & Rules'!$K$4,IF(BF6='Official Results'!X21,'Instructions & Rules'!$K$6,0)),0)+IF(AND(BG6<>"",'Official Results'!X21<>""),IF(BG6='Official Results'!X21,'Instructions & Rules'!$K$5,IF(BG6='Official Results'!X20,'Instructions & Rules'!$K$6,0)),0)+IF(AND(BH6<>"",'Official Results'!X22<>"",'Official Results'!AB22="Yes"),IF(BH6='Official Results'!X22,'Instructions & Rules'!$K$7,0),0)+IF(AND(BF6='Official Results'!X20,BG6='Official Results'!X21,'Official Results'!X20<>"",'Official Results'!X21<>""),'Instructions & Rules'!$K$8,0)+IF(AND(BF6='Official Results'!X20,BG6='Official Results'!X21,BH6='Official Results'!X22,'Official Results'!AB22="Yes"),'Instructions & Rules'!$K$9,0) -> 15 | BJ6: =IF(AND(BF6<>"",'Official Results'!X20<>"",BF6='Official Results'!X20),1,0)+IF(AND(BG6<>"",'Official Results'!X21<>"",BG6='Official Results'!X21),1,0)+IF(AND(BH6<>"",'Official Results'!X22<>"",'Official Results'!AB22="Yes",BH6='Official Results'!X22),1,0) -> 3 | BK6: =SUM(F6,K6,P6,U6,Z6,AE6,AJ6,AO6,AT6,AY6,BD6,BI6) -> 105 | BL6: =SUM(G6,L6,Q6,V6,AA6,AF6,AK6,AP6,AU6,AZ6,BE6,BJ6) -> 21 | BM6: =SUM(COUNTIF(C6:E6,"<>"),COUNTIF(H6:J6,"<>"),COUNTIF(M6:O6,"<>"),COUNTIF(R6:T6,"<>"),COUNTIF(W6:Y6,"<>"),COUNTIF(AB6:AD6,"<>"),COUNTIF(AG6:AI6,"<>"),COUNTIF(AL6:AN6,"<>"),COUNTIF(AQ6:AS6,"<>"),COUNTIF(AV6:AX6,"<>"),COUNTIF(BA6:BC6,"<>"),COUNTIF(BF6:BH6,"<>"))/36 -> 1
A7: =IF(Players!B7="","",Players!B7) -> Fathan Mauludin | C7: Mexico | D7: Czechia | E7: Korea Republic | F7: =IF(AND(C7<>"",'Official Results'!C6<>""),IF(C7='Official Results'!C6,'Instructions & Rules'!$K$4,IF(C7='Official Results'!C7,'Instructions & Rules'!$K$6,0)),0)+IF(AND(D7<>"",'Official Results'!C7<>""),IF(D7='Official Results'!C7,'Instructions & Rules'!$K$5,IF(D7='Official Results'!C6,'Instructions & Rules'!$K$6,0)),0)+IF(AND(E7<>"",'Official Results'!C8<>"",'Official Results'!G8="Yes"),IF(E7='Official Results'!C8,'Instructions & Rules'!$K$7,0),0)+IF(AND(C7='Official Results'!C6,D7='Official Results'!C7,'Official Results'!C6<>"",'Official Results'!C7<>""),'Instructions & Rules'!$K$8,0)+IF(AND(C7='Official Results'!C6,D7='Official Results'!C7,E7='Official Results'!C8,'Official Results'!G8="Yes"),'Instructions & Rules'!$K$9,0) -> 4 | G7: =IF(AND(C7<>"",'Official Results'!C6<>"",C7='Official Results'!C6),1,0)+IF(AND(D7<>"",'Official Results'!C7<>"",D7='Official Results'!C7),1,0)+IF(AND(E7<>"",'Official Results'!C8<>"",'Official Results'!G8="Yes",E7='Official Results'!C8),1,0) -> 1 | H7: Switzerland | I7: Canada | J7: Qatar | K7: =IF(AND(H7<>"",'Official Results'!J6<>""),IF(H7='Official Results'!J6,'Instructions & Rules'!$K$4,IF(H7='Official Results'!J7,'Instructions & Rules'!$K$6,0)),0)+IF(AND(I7<>"",'Official Results'!J7<>""),IF(I7='Official Results'!J7,'Instructions & Rules'!$K$5,IF(I7='Official Results'!J6,'Instructions & Rules'!$K$6,0)),0)+IF(AND(J7<>"",'Official Results'!J8<>"",'Official Results'!N8="Yes"),IF(J7='Official Results'!J8,'Instructions & Rules'!$K$7,0),0)+IF(AND(H7='Official Results'!J6,I7='Official Results'!J7,'Official Results'!J6<>"",'Official Results'!J7<>""),'Instructions & Rules'!$K$8,0)+IF(AND(H7='Official Results'!J6,I7='Official Results'!J7,J7='Official Results'!J8,'Official Results'!N8="Yes"),'Instructions & Rules'!$K$9,0) -> 10 | L7: =IF(AND(H7<>"",'Official Results'!J6<>"",H7='Official Results'!J6),1,0)+IF(AND(I7<>"",'Official Results'!J7<>"",I7='Official Results'!J7),1,0)+IF(AND(J7<>"",'Official Results'!J8<>"",'Official Results'!N8="Yes",J7='Official Results'!J8),1,0) -> 2 | M7: Brazil | N7: Scotland | O7: Morocco | P7: =IF(AND(M7<>"",'Official Results'!Q6<>""),IF(M7='Official Results'!Q6,'Instructions & Rules'!$K$4,IF(M7='Official Results'!Q7,'Instructions & Rules'!$K$6,0)),0)+IF(AND(N7<>"",'Official Results'!Q7<>""),IF(N7='Official Results'!Q7,'Instructions & Rules'!$K$5,IF(N7='Official Results'!Q6,'Instructions & Rules'!$K$6,0)),0)+IF(AND(O7<>"",'Official Results'!Q8<>"",'Official Results'!U8="Yes"),IF(O7='Official Results'!Q8,'Instructions & Rules'!$K$7,0),0)+IF(AND(M7='Official Results'!Q6,N7='Official Results'!Q7,'Official Results'!Q6<>"",'Official Results'!Q7<>""),'Instructions & Rules'!$K$8,0)+IF(AND(M7='Official Results'!Q6,N7='Official Results'!Q7,O7='Official Results'!Q8,'Official Results'!U8="Yes"),'Instructions & Rules'!$K$9,0) -> 4 | Q7: =IF(AND(M7<>"",'Official Results'!Q6<>"",M7='Official Results'!Q6),1,0)+IF(AND(N7<>"",'Official Results'!Q7<>"",N7='Official Results'!Q7),1,0)+IF(AND(O7<>"",'Official Results'!Q8<>"",'Official Results'!U8="Yes",O7='Official Results'!Q8),1,0) -> 1 | R7: Türkiye | S7: United States | T7: Australia | U7: =IF(AND(R7<>"",'Official Results'!X6<>""),IF(R7='Official Results'!X6,'Instructions & Rules'!$K$4,IF(R7='Official Results'!X7,'Instructions & Rules'!$K$6,0)),0)+IF(AND(S7<>"",'Official Results'!X7<>""),IF(S7='Official Results'!X7,'Instructions & Rules'!$K$5,IF(S7='Official Results'!X6,'Instructions & Rules'!$K$6,0)),0)+IF(AND(T7<>"",'Official Results'!X8<>"",'Official Results'!AB8="Yes"),IF(T7='Official Results'!X8,'Instructions & Rules'!$K$7,0),0)+IF(AND(R7='Official Results'!X6,S7='Official Results'!X7,'Official Results'!X6<>"",'Official Results'!X7<>""),'Instructions & Rules'!$K$8,0)+IF(AND(R7='Official Results'!X6,S7='Official Results'!X7,T7='Official Results'!X8,'Official Results'!AB8="Yes"),'Instructions & Rules'!$K$9,0) -> 1 | V7: =IF(AND(R7<>"",'Official Results'!X6<>"",R7='Official Results'!X6),1,0)+IF(AND(S7<>"",'Official Results'!X7<>"",S7='Official Results'!X7),1,0)+IF(AND(T7<>"",'Official Results'!X8<>"",'Official Results'!AB8="Yes",T7='Official Results'!X8),1,0) -> 0 | W7: Germany | X7: Côte d'Ivoire | Y7: Ecuador | Z7: =IF(AND(W7<>"",'Official Results'!C13<>""),IF(W7='Official Results'!C13,'Instructions & Rules'!$K$4,IF(W7='Official Results'!C14,'Instructions & Rules'!$K$6,0)),0)+IF(AND(X7<>"",'Official Results'!C14<>""),IF(X7='Official Results'!C14,'Instructions & Rules'!$K$5,IF(X7='Official Results'!C13,'Instructions & Rules'!$K$6,0)),0)+IF(AND(Y7<>"",'Official Results'!C15<>"",'Official Results'!G15="Yes"),IF(Y7='Official Results'!C15,'Instructions & Rules'!$K$7,0),0)+IF(AND(W7='Official Results'!C13,X7='Official Results'!C14,'Official Results'!C13<>"",'Official Results'!C14<>""),'Instructions & Rules'!$K$8,0)+IF(AND(W7='Official Results'!C13,X7='Official Results'!C14,Y7='Official Results'!C15,'Official Results'!G15="Yes"),'Instructions & Rules'!$K$9,0) -> 15 | AA7: =IF(AND(W7<>"",'Official Results'!C13<>"",W7='Official Results'!C13),1,0)+IF(AND(X7<>"",'Official Results'!C14<>"",X7='Official Results'!C14),1,0)+IF(AND(Y7<>"",'Official Results'!C15<>"",'Official Results'!G15="Yes",Y7='Official Results'!C15),1,0) -> 3 | AB7: Netherlands | AC7: Japan | AD7: Sweden | AE7: =IF(AND(AB7<>"",'Official Results'!J13<>""),IF(AB7='Official Results'!J13,'Instructions & Rules'!$K$4,IF(AB7='Official Results'!J14,'Instructions & Rules'!$K$6,0)),0)+IF(AND(AC7<>"",'Official Results'!J14<>""),IF(AC7='Official Results'!J14,'Instructions & Rules'!$K$5,IF(AC7='Official Results'!J13,'Instructions & Rules'!$K$6,0)),0)+IF(AND(AD7<>"",'Official Results'!J15<>"",'Official Results'!N15="Yes"),IF(AD7='Official Results'!J15,'Instructions & Rules'!$K$7,0),0)+IF(AND(AB7='Official Results'!J13,AC7='Official Results'!J14,'Official Results'!J13<>"",'Official Results'!J14<>""),'Instructions & Rules'!$K$8,0)+IF(AND(AB7='Official Results'!J13,AC7='Official Results'!J14,AD7='Official Results'!J15,'Official Results'!N15="Yes"),'Instructions & Rules'!$K$9,0) -> 15 | AF7: =IF(AND(AB7<>"",'Official Results'!J13<>"",AB7='Official Results'!J13),1,0)+IF(AND(AC7<>"",'Official Results'!J14<>"",AC7='Official Results'!J14),1,0)+IF(AND(AD7<>"",'Official Results'!J15<>"",'Official Results'!N15="Yes",AD7='Official Results'!J15),1,0) -> 3 | AG7: Belgium | AH7: Egypt | AI7: IR Iran | AJ7: =IF(AND(AG7<>"",'Official Results'!Q13<>""),IF(AG7='Official Results'!Q13,'Instructions & Rules'!$K$4,IF(AG7='Official Results'!Q14,'Instructions & Rules'!$K$6,0)),0)+IF(AND(AH7<>"",'Official Results'!Q14<>""),IF(AH7='Official Results'!Q14,'Instructions & Rules'!$K$5,IF(AH7='Official Results'!Q13,'Instructions & Rules'!$K$6,0)),0)+IF(AND(AI7<>"",'Official Results'!Q15<>"",'Official Results'!U15="Yes"),IF(AI7='Official Results'!Q15,'Instructions & Rules'!$K$7,0),0)+IF(AND(AG7='Official Results'!Q13,AH7='Official Results'!Q14,'Official Results'!Q13<>"",'Official Results'!Q14<>""),'Instructions & Rules'!$K$8,0)+IF(AND(AG7='Official Results'!Q13,AH7='Official Results'!Q14,AI7='Official Results'!Q15,'Official Results'!U15="Yes"),'Instructions & Rules'!$K$9,0) -> 10 | AK7: =IF(AND(AG7<>"",'Official Results'!Q13<>"",AG7='Official Results'!Q13),1,0)+IF(AND(AH7<>"",'Official Results'!Q14<>"",AH7='Official Results'!Q14),1,0)+IF(AND(AI7<>"",'Official Results'!Q15<>"",'Official Results'!U15="Yes",AI7='Official Results'!Q15),1,0) -> 2 | AL7: Spain | AM7: Uruguay | AN7: Saudi Arabia | AO7: =IF(AND(AL7<>"",'Official Results'!X13<>""),IF(AL7='Official Results'!X13,'Instructions & Rules'!$K$4,IF(AL7='Official Results'!X14,'Instructions & Rules'!$K$6,0)),0)+IF(AND(AM7<>"",'Official Results'!X14<>""),IF(AM7='Official Results'!X14,'Instructions & Rules'!$K$5,IF(AM7='Official Results'!X13,'Instructions & Rules'!$K$6,0)),0)+IF(AND(AN7<>"",'Official Results'!X15<>"",'Official Results'!AB15="Yes"),IF(AN7='Official Results'!X15,'Instructions & Rules'!$K$7,0),0)+IF(AND(AL7='Official Results'!X13,AM7='Official Results'!X14,'Official Results'!X13<>"",'Official Results'!X14<>""),'Instructions & Rules'!$K$8,0)+IF(AND(AL7='Official Results'!X13,AM7='Official Results'!X14,AN7='Official Results'!X15,'Official Results'!AB15="Yes"),'Instructions & Rules'!$K$9,0) -> 4 | AP7: =IF(AND(AL7<>"",'Official Results'!X13<>"",AL7='Official Results'!X13),1,0)+IF(AND(AM7<>"",'Official Results'!X14<>"",AM7='Official Results'!X14),1,0)+IF(AND(AN7<>"",'Official Results'!X15<>"",'Official Results'!AB15="Yes",AN7='Official Results'!X15),1,0) -> 1 | AQ7: France | AR7: Norway | AS7: Iraq | AT7: =IF(AND(AQ7<>"",'Official Results'!C20<>""),IF(AQ7='Official Results'!C20,'Instructions & Rules'!$K$4,IF(AQ7='Official Results'!C21,'Instructions & Rules'!$K$6,0)),0)+IF(AND(AR7<>"",'Official Results'!C21<>""),IF(AR7='Official Results'!C21,'Instructions & Rules'!$K$5,IF(AR7='Official Results'!C20,'Instructions & Rules'!$K$6,0)),0)+IF(AND(AS7<>"",'Official Results'!C22<>"",'Official Results'!G22="Yes"),IF(AS7='Official Results'!C22,'Instructions & Rules'!$K$7,0),0)+IF(AND(AQ7='Official Results'!C20,AR7='Official Results'!C21,'Official Results'!C20<>"",'Official Results'!C21<>""),'Instructions & Rules'!$K$8,0)+IF(AND(AQ7='Official Results'!C20,AR7='Official Results'!C21,AS7='Official Results'!C22,'Official Results'!G22="Yes"),'Instructions & Rules'!$K$9,0) -> 10 | AU7: =IF(AND(AQ7<>"",'Official Results'!C20<>"",AQ7='Official Results'!C20),1,0)+IF(AND(AR7<>"",'Official Results'!C21<>"",AR7='Official Results'!C21),1,0)+IF(AND(AS7<>"",'Official Results'!C22<>"",'Official Results'!G22="Yes",AS7='Official Results'!C22),1,0) -> 2 | AV7: Argentina | AW7: Austria | AX7: Algeria | AY7: =IF(AND(AV7<>"",'Official Results'!J20<>""),IF(AV7='Official Results'!J20,'Instructions & Rules'!$K$4,IF(AV7='Official Results'!J21,'Instructions & Rules'!$K$6,0)),0)+IF(AND(AW7<>"",'Official Results'!J21<>""),IF(AW7='Official Results'!J21,'Instructions & Rules'!$K$5,IF(AW7='Official Results'!J20,'Instructions & Rules'!$K$6,0)),0)+IF(AND(AX7<>"",'Official Results'!J22<>"",'Official Results'!N22="Yes"),IF(AX7='Official Results'!J22,'Instructions & Rules'!$K$7,0),0)+IF(AND(AV7='Official Results'!J20,AW7='Official Results'!J21,'Official Results'!J20<>"",'Official Results'!J21<>""),'Instructions & Rules'!$K$8,0)+IF(AND(AV7='Official Results'!J20,AW7='Official Results'!J21,AX7='Official Results'!J22,'Official Results'!N22="Yes"),'Instructions & Rules'!$K$9,0) -> 15 | AZ7: =IF(AND(AV7<>"",'Official Results'!J20<>"",AV7='Official Results'!J20),1,0)+IF(AND(AW7<>"",'Official Results'!J21<>"",AW7='Official Results'!J21),1,0)+IF(AND(AX7<>"",'Official Results'!J22<>"",'Official Results'!N22="Yes",AX7='Official Results'!J22),1,0) -> 3 | BA7: Portugal | BB7: Colombia | BC7: Uzbekistan | BD7: =IF(AND(BA7<>"",'Official Results'!Q20<>""),IF(BA7='Official Results'!Q20,'Instructions & Rules'!$K$4,IF(BA7='Official Results'!Q21,'Instructions & Rules'!$K$6,0)),0)+IF(AND(BB7<>"",'Official Results'!Q21<>""),IF(BB7='Official Results'!Q21,'Instructions & Rules'!$K$5,IF(BB7='Official Results'!Q20,'Instructions & Rules'!$K$6,0)),0)+IF(AND(BC7<>"",'Official Results'!Q22<>"",'Official Results'!U22="Yes"),IF(BC7='Official Results'!Q22,'Instructions & Rules'!$K$7,0),0)+IF(AND(BA7='Official Results'!Q20,BB7='Official Results'!Q21,'Official Results'!Q20<>"",'Official Results'!Q21<>""),'Instructions & Rules'!$K$8,0)+IF(AND(BA7='Official Results'!Q20,BB7='Official Results'!Q21,BC7='Official Results'!Q22,'Official Results'!U22="Yes"),'Instructions & Rules'!$K$9,0) -> 2 | BE7: =IF(AND(BA7<>"",'Official Results'!Q20<>"",BA7='Official Results'!Q20),1,0)+IF(AND(BB7<>"",'Official Results'!Q21<>"",BB7='Official Results'!Q21),1,0)+IF(AND(BC7<>"",'Official Results'!Q22<>"",'Official Results'!U22="Yes",BC7='Official Results'!Q22),1,0) -> 0 | BF7: England | BG7: Ghana | BH7: Croatia | BI7: =IF(AND(BF7<>"",'Official Results'!X20<>""),IF(BF7='Official Results'!X20,'Instructions & Rules'!$K$4,IF(BF7='Official Results'!X21,'Instructions & Rules'!$K$6,0)),0)+IF(AND(BG7<>"",'Official Results'!X21<>""),IF(BG7='Official Results'!X21,'Instructions & Rules'!$K$5,IF(BG7='Official Results'!X20,'Instructions & Rules'!$K$6,0)),0)+IF(AND(BH7<>"",'Official Results'!X22<>"",'Official Results'!AB22="Yes"),IF(BH7='Official Results'!X22,'Instructions & Rules'!$K$7,0),0)+IF(AND(BF7='Official Results'!X20,BG7='Official Results'!X21,'Official Results'!X20<>"",'Official Results'!X21<>""),'Instructions & Rules'!$K$8,0)+IF(AND(BF7='Official Results'!X20,BG7='Official Results'!X21,BH7='Official Results'!X22,'Official Results'!AB22="Yes"),'Instructions & Rules'!$K$9,0) -> 4 | BJ7: =IF(AND(BF7<>"",'Official Results'!X20<>"",BF7='Official Results'!X20),1,0)+IF(AND(BG7<>"",'Official Results'!X21<>"",BG7='Official Results'!X21),1,0)+IF(AND(BH7<>"",'Official Results'!X22<>"",'Official Results'!AB22="Yes",BH7='Official Results'!X22),1,0) -> 1 | BK7: =SUM(F7,K7,P7,U7,Z7,AE7,AJ7,AO7,AT7,AY7,BD7,BI7) -> 94 | BL7: =SUM(G7,L7,Q7,V7,AA7,AF7,AK7,AP7,AU7,AZ7,BE7,BJ7) -> 19 | BM7: =SUM(COUNTIF(C7:E7,"<>"),COUNTIF(H7:J7,"<>"),COUNTIF(M7:O7,"<>"),COUNTIF(R7:T7,"<>"),COUNTIF(W7:Y7,"<>"),COUNTIF(AB7:AD7,"<>"),COUNTIF(AG7:AI7,"<>"),COUNTIF(AL7:AN7,"<>"),COUNTIF(AQ7:AS7,"<>"),COUNTIF(AV7:AX7,"<>"),COUNTIF(BA7:BC7,"<>"),COUNTIF(BF7:BH7,"<>"))/36 -> 1
A8: =IF(Players!B8="","",Players!B8) -> M Fakhri Auladana | C8: Mexico | D8: Korea Republic | E8: Czechia | F8: =IF(AND(C8<>"",'Official Results'!C6<>""),IF(C8='Official Results'!C6,'Instructions & Rules'!$K$4,IF(C8='Official Results'!C7,'Instructions & Rules'!$K$6,0)),0)+IF(AND(D8<>"",'Official Results'!C7<>""),IF(D8='Official Results'!C7,'Instructions & Rules'!$K$5,IF(D8='Official Results'!C6,'Instructions & Rules'!$K$6,0)),0)+IF(AND(E8<>"",'Official Results'!C8<>"",'Official Results'!G8="Yes"),IF(E8='Official Results'!C8,'Instructions & Rules'!$K$7,0),0)+IF(AND(C8='Official Results'!C6,D8='Official Results'!C7,'Official Results'!C6<>"",'Official Results'!C7<>""),'Instructions & Rules'!$K$8,0)+IF(AND(C8='Official Results'!C6,D8='Official Results'!C7,E8='Official Results'!C8,'Official Results'!G8="Yes"),'Instructions & Rules'!$K$9,0) -> 4 | G8: =IF(AND(C8<>"",'Official Results'!C6<>"",C8='Official Results'!C6),1,0)+IF(AND(D8<>"",'Official Results'!C7<>"",D8='Official Results'!C7),1,0)+IF(AND(E8<>"",'Official Results'!C8<>"",'Official Results'!G8="Yes",E8='Official Results'!C8),1,0) -> 1 | H8: Switzerland | I8: Bosnia and Herzegovina | J8: Canada | K8: =IF(AND(H8<>"",'Official Results'!J6<>""),IF(H8='Official Results'!J6,'Instructions & Rules'!$K$4,IF(H8='Official Results'!J7,'Instructions & Rules'!$K$6,0)),0)+IF(AND(I8<>"",'Official Results'!J7<>""),IF(I8='Official Results'!J7,'Instructions & Rules'!$K$5,IF(I8='Official Results'!J6,'Instructions & Rules'!$K$6,0)),0)+IF(AND(J8<>"",'Official Results'!J8<>"",'Official Results'!N8="Yes"),IF(J8='Official Results'!J8,'Instructions & Rules'!$K$7,0),0)+IF(AND(H8='Official Results'!J6,I8='Official Results'!J7,'Official Results'!J6<>"",'Official Results'!J7<>""),'Instructions & Rules'!$K$8,0)+IF(AND(H8='Official Results'!J6,I8='Official Results'!J7,J8='Official Results'!J8,'Official Results'!N8="Yes"),'Instructions & Rules'!$K$9,0) -> 4 | L8: =IF(AND(H8<>"",'Official Results'!J6<>"",H8='Official Results'!J6),1,0)+IF(AND(I8<>"",'Official Results'!J7<>"",I8='Official Results'!J7),1,0)+IF(AND(J8<>"",'Official Results'!J8<>"",'Official Results'!N8="Yes",J8='Official Results'!J8),1,0) -> 1 | M8: Brazil | N8: Morocco | O8: Scotland | P8: =IF(AND(M8<>"",'Official Results'!Q6<>""),IF(M8='Official Results'!Q6,'Instructions & Rules'!$K$4,IF(M8='Official Results'!Q7,'Instructions & Rules'!$K$6,0)),0)+IF(AND(N8<>"",'Official Results'!Q7<>""),IF(N8='Official Results'!Q7,'Instructions & Rules'!$K$5,IF(N8='Official Results'!Q6,'Instructions & Rules'!$K$6,0)),0)+IF(AND(O8<>"",'Official Results'!Q8<>"",'Official Results'!U8="Yes"),IF(O8='Official Results'!Q8,'Instructions & Rules'!$K$7,0),0)+IF(AND(M8='Official Results'!Q6,N8='Official Results'!Q7,'Official Results'!Q6<>"",'Official Results'!Q7<>""),'Instructions & Rules'!$K$8,0)+IF(AND(M8='Official Results'!Q6,N8='Official Results'!Q7,O8='Official Results'!Q8,'Official Results'!U8="Yes"),'Instructions & Rules'!$K$9,0) -> 10 | Q8: =IF(AND(M8<>"",'Official Results'!Q6<>"",M8='Official Results'!Q6),1,0)+IF(AND(N8<>"",'Official Results'!Q7<>"",N8='Official Results'!Q7),1,0)+IF(AND(O8<>"",'Official Results'!Q8<>"",'Official Results'!U8="Yes",O8='Official Results'!Q8),1,0) -> 2 | R8: Türkiye | S8: Australia | T8: United States | U8: =IF(AND(R8<>"",'Official Results'!X6<>""),IF(R8='Official Results'!X6,'Instructions & Rules'!$K$4,IF(R8='Official Results'!X7,'Instructions & Rules'!$K$6,0)),0)+IF(AND(S8<>"",'Official Results'!X7<>""),IF(S8='Official Results'!X7,'Instructions & Rules'!$K$5,IF(S8='Official Results'!X6,'Instructions & Rules'!$K$6,0)),0)+IF(AND(T8<>"",'Official Results'!X8<>"",'Official Results'!AB8="Yes"),IF(T8='Official Results'!X8,'Instructions & Rules'!$K$7,0),0)+IF(AND(R8='Official Results'!X6,S8='Official Results'!X7,'Official Results'!X6<>"",'Official Results'!X7<>""),'Instructions & Rules'!$K$8,0)+IF(AND(R8='Official Results'!X6,S8='Official Results'!X7,T8='Official Results'!X8,'Official Results'!AB8="Yes"),'Instructions & Rules'!$K$9,0) -> 4 | V8: =IF(AND(R8<>"",'Official Results'!X6<>"",R8='Official Results'!X6),1,0)+IF(AND(S8<>"",'Official Results'!X7<>"",S8='Official Results'!X7),1,0)+IF(AND(T8<>"",'Official Results'!X8<>"",'Official Results'!AB8="Yes",T8='Official Results'!X8),1,0) -> 1 | W8: Germany | X8: Ecuador | Y8: Côte d'Ivoire | Z8: =IF(AND(W8<>"",'Official Results'!C13<>""),IF(W8='Official Results'!C13,'Instructions & Rules'!$K$4,IF(W8='Official Results'!C14,'Instructions & Rules'!$K$6,0)),0)+IF(AND(X8<>"",'Official Results'!C14<>""),IF(X8='Official Results'!C14,'Instructions & Rules'!$K$5,IF(X8='Official Results'!C13,'Instructions & Rules'!$K$6,0)),0)+IF(AND(Y8<>"",'Official Results'!C15<>"",'Official Results'!G15="Yes"),IF(Y8='Official Results'!C15,'Instructions & Rules'!$K$7,0),0)+IF(AND(W8='Official Results'!C13,X8='Official Results'!C14,'Official Results'!C13<>"",'Official Results'!C14<>""),'Instructions & Rules'!$K$8,0)+IF(AND(W8='Official Results'!C13,X8='Official Results'!C14,Y8='Official Results'!C15,'Official Results'!G15="Yes"),'Instructions & Rules'!$K$9,0) -> 4 | AA8: =IF(AND(W8<>"",'Official Results'!C13<>"",W8='Official Results'!C13),1,0)+IF(AND(X8<>"",'Official Results'!C14<>"",X8='Official Results'!C14),1,0)+IF(AND(Y8<>"",'Official Results'!C15<>"",'Official Results'!G15="Yes",Y8='Official Results'!C15),1,0) -> 1 | AB8: Netherlands | AC8: Japan | AD8: Sweden | AE8: =IF(AND(AB8<>"",'Official Results'!J13<>""),IF(AB8='Official Results'!J13,'Instructions & Rules'!$K$4,IF(AB8='Official Results'!J14,'Instructions & Rules'!$K$6,0)),0)+IF(AND(AC8<>"",'Official Results'!J14<>""),IF(AC8='Official Results'!J14,'Instructions & Rules'!$K$5,IF(AC8='Official Results'!J13,'Instructions & Rules'!$K$6,0)),0)+IF(AND(AD8<>"",'Official Results'!J15<>"",'Official Results'!N15="Yes"),IF(AD8='Official Results'!J15,'Instructions & Rules'!$K$7,0),0)+IF(AND(AB8='Official Results'!J13,AC8='Official Results'!J14,'Official Results'!J13<>"",'Official Results'!J14<>""),'Instructions & Rules'!$K$8,0)+IF(AND(AB8='Official Results'!J13,AC8='Official Results'!J14,AD8='Official Results'!J15,'Official Results'!N15="Yes"),'Instructions & Rules'!$K$9,0) -> 15 | AF8: =IF(AND(AB8<>"",'Official Results'!J13<>"",AB8='Official Results'!J13),1,0)+IF(AND(AC8<>"",'Official Results'!J14<>"",AC8='Official Results'!J14),1,0)+IF(AND(AD8<>"",'Official Results'!J15<>"",'Official Results'!N15="Yes",AD8='Official Results'!J15),1,0) -> 3 | AG8: Belgium | AH8: IR Iran | AI8: Egypt | AJ8: =IF(AND(AG8<>"",'Official Results'!Q13<>""),IF(AG8='Official Results'!Q13,'Instructions & Rules'!$K$4,IF(AG8='Official Results'!Q14,'Instructions & Rules'!$K$6,0)),0)+IF(AND(AH8<>"",'Official Results'!Q14<>""),IF(AH8='Official Results'!Q14,'Instructions & Rules'!$K$5,IF(AH8='Official Results'!Q13,'Instructions & Rules'!$K$6,0)),0)+IF(AND(AI8<>"",'Official Results'!Q15<>"",'Official Results'!U15="Yes"),IF(AI8='Official Results'!Q15,'Instructions & Rules'!$K$7,0),0)+IF(AND(AG8='Official Results'!Q13,AH8='Official Results'!Q14,'Official Results'!Q13<>"",'Official Results'!Q14<>""),'Instructions & Rules'!$K$8,0)+IF(AND(AG8='Official Results'!Q13,AH8='Official Results'!Q14,AI8='Official Results'!Q15,'Official Results'!U15="Yes"),'Instructions & Rules'!$K$9,0) -> 4 | AK8: =IF(AND(AG8<>"",'Official Results'!Q13<>"",AG8='Official Results'!Q13),1,0)+IF(AND(AH8<>"",'Official Results'!Q14<>"",AH8='Official Results'!Q14),1,0)+IF(AND(AI8<>"",'Official Results'!Q15<>"",'Official Results'!U15="Yes",AI8='Official Results'!Q15),1,0) -> 1 | AL8: Spain | AM8: Uruguay | AN8: Saudi Arabia | AO8: =IF(AND(AL8<>"",'Official Results'!X13<>""),IF(AL8='Official Results'!X13,'Instructions & Rules'!$K$4,IF(AL8='Official Results'!X14,'Instructions & Rules'!$K$6,0)),0)+IF(AND(AM8<>"",'Official Results'!X14<>""),IF(AM8='Official Results'!X14,'Instructions & Rules'!$K$5,IF(AM8='Official Results'!X13,'Instructions & Rules'!$K$6,0)),0)+IF(AND(AN8<>"",'Official Results'!X15<>"",'Official Results'!AB15="Yes"),IF(AN8='Official Results'!X15,'Instructions & Rules'!$K$7,0),0)+IF(AND(AL8='Official Results'!X13,AM8='Official Results'!X14,'Official Results'!X13<>"",'Official Results'!X14<>""),'Instructions & Rules'!$K$8,0)+IF(AND(AL8='Official Results'!X13,AM8='Official Results'!X14,AN8='Official Results'!X15,'Official Results'!AB15="Yes"),'Instructions & Rules'!$K$9,0) -> 4 | AP8: =IF(AND(AL8<>"",'Official Results'!X13<>"",AL8='Official Results'!X13),1,0)+IF(AND(AM8<>"",'Official Results'!X14<>"",AM8='Official Results'!X14),1,0)+IF(AND(AN8<>"",'Official Results'!X15<>"",'Official Results'!AB15="Yes",AN8='Official Results'!X15),1,0) -> 1 | AQ8: France | AR8: Norway | AS8: Senegal | AT8: =IF(AND(AQ8<>"",'Official Results'!C20<>""),IF(AQ8='Official Results'!C20,'Instructions & Rules'!$K$4,IF(AQ8='Official Results'!C21,'Instructions & Rules'!$K$6,0)),0)+IF(AND(AR8<>"",'Official Results'!C21<>""),IF(AR8='Official Results'!C21,'Instructions & Rules'!$K$5,IF(AR8='Official Results'!C20,'Instructions & Rules'!$K$6,0)),0)+IF(AND(AS8<>"",'Official Results'!C22<>"",'Official Results'!G22="Yes"),IF(AS8='Official Results'!C22,'Instructions & Rules'!$K$7,0),0)+IF(AND(AQ8='Official Results'!C20,AR8='Official Results'!C21,'Official Results'!C20<>"",'Official Results'!C21<>""),'Instructions & Rules'!$K$8,0)+IF(AND(AQ8='Official Results'!C20,AR8='Official Results'!C21,AS8='Official Results'!C22,'Official Results'!G22="Yes"),'Instructions & Rules'!$K$9,0) -> 15 | AU8: =IF(AND(AQ8<>"",'Official Results'!C20<>"",AQ8='Official Results'!C20),1,0)+IF(AND(AR8<>"",'Official Results'!C21<>"",AR8='Official Results'!C21),1,0)+IF(AND(AS8<>"",'Official Results'!C22<>"",'Official Results'!G22="Yes",AS8='Official Results'!C22),1,0) -> 3 | AV8: Argentina | AW8: Algeria | AX8: Jordan | AY8: =IF(AND(AV8<>"",'Official Results'!J20<>""),IF(AV8='Official Results'!J20,'Instructions & Rules'!$K$4,IF(AV8='Official Results'!J21,'Instructions & Rules'!$K$6,0)),0)+IF(AND(AW8<>"",'Official Results'!J21<>""),IF(AW8='Official Results'!J21,'Instructions & Rules'!$K$5,IF(AW8='Official Results'!J20,'Instructions & Rules'!$K$6,0)),0)+IF(AND(AX8<>"",'Official Results'!J22<>"",'Official Results'!N22="Yes"),IF(AX8='Official Results'!J22,'Instructions & Rules'!$K$7,0),0)+IF(AND(AV8='Official Results'!J20,AW8='Official Results'!J21,'Official Results'!J20<>"",'Official Results'!J21<>""),'Instructions & Rules'!$K$8,0)+IF(AND(AV8='Official Results'!J20,AW8='Official Results'!J21,AX8='Official Results'!J22,'Official Results'!N22="Yes"),'Instructions & Rules'!$K$9,0) -> 4 | AZ8: =IF(AND(AV8<>"",'Official Results'!J20<>"",AV8='Official Results'!J20),1,0)+IF(AND(AW8<>"",'Official Results'!J21<>"",AW8='Official Results'!J21),1,0)+IF(AND(AX8<>"",'Official Results'!J22<>"",'Official Results'!N22="Yes",AX8='Official Results'!J22),1,0) -> 1 | BA8: Portugal | BB8: Colombia | BC8: Uzbekistan | BD8: =IF(AND(BA8<>"",'Official Results'!Q20<>""),IF(BA8='Official Results'!Q20,'Instructions & Rules'!$K$4,IF(BA8='Official Results'!Q21,'Instructions & Rules'!$K$6,0)),0)+IF(AND(BB8<>"",'Official Results'!Q21<>""),IF(BB8='Official Results'!Q21,'Instructions & Rules'!$K$5,IF(BB8='Official Results'!Q20,'Instructions & Rules'!$K$6,0)),0)+IF(AND(BC8<>"",'Official Results'!Q22<>"",'Official Results'!U22="Yes"),IF(BC8='Official Results'!Q22,'Instructions & Rules'!$K$7,0),0)+IF(AND(BA8='Official Results'!Q20,BB8='Official Results'!Q21,'Official Results'!Q20<>"",'Official Results'!Q21<>""),'Instructions & Rules'!$K$8,0)+IF(AND(BA8='Official Results'!Q20,BB8='Official Results'!Q21,BC8='Official Results'!Q22,'Official Results'!U22="Yes"),'Instructions & Rules'!$K$9,0) -> 2 | BE8: =IF(AND(BA8<>"",'Official Results'!Q20<>"",BA8='Official Results'!Q20),1,0)+IF(AND(BB8<>"",'Official Results'!Q21<>"",BB8='Official Results'!Q21),1,0)+IF(AND(BC8<>"",'Official Results'!Q22<>"",'Official Results'!U22="Yes",BC8='Official Results'!Q22),1,0) -> 0 | BF8: England | BG8: Croatia | BH8: Ghana | BI8: =IF(AND(BF8<>"",'Official Results'!X20<>""),IF(BF8='Official Results'!X20,'Instructions & Rules'!$K$4,IF(BF8='Official Results'!X21,'Instructions & Rules'!$K$6,0)),0)+IF(AND(BG8<>"",'Official Results'!X21<>""),IF(BG8='Official Results'!X21,'Instructions & Rules'!$K$5,IF(BG8='Official Results'!X20,'Instructions & Rules'!$K$6,0)),0)+IF(AND(BH8<>"",'Official Results'!X22<>"",'Official Results'!AB22="Yes"),IF(BH8='Official Results'!X22,'Instructions & Rules'!$K$7,0),0)+IF(AND(BF8='Official Results'!X20,BG8='Official Results'!X21,'Official Results'!X20<>"",'Official Results'!X21<>""),'Instructions & Rules'!$K$8,0)+IF(AND(BF8='Official Results'!X20,BG8='Official Results'!X21,BH8='Official Results'!X22,'Official Results'!AB22="Yes"),'Instructions & Rules'!$K$9,0) -> 15 | BJ8: =IF(AND(BF8<>"",'Official Results'!X20<>"",BF8='Official Results'!X20),1,0)+IF(AND(BG8<>"",'Official Results'!X21<>"",BG8='Official Results'!X21),1,0)+IF(AND(BH8<>"",'Official Results'!X22<>"",'Official Results'!AB22="Yes",BH8='Official Results'!X22),1,0) -> 3 | BK8: =SUM(F8,K8,P8,U8,Z8,AE8,AJ8,AO8,AT8,AY8,BD8,BI8) -> 85 | BL8: =SUM(G8,L8,Q8,V8,AA8,AF8,AK8,AP8,AU8,AZ8,BE8,BJ8) -> 18 | BM8: =SUM(COUNTIF(C8:E8,"<>"),COUNTIF(H8:J8,"<>"),COUNTIF(M8:O8,"<>"),COUNTIF(R8:T8,"<>"),COUNTIF(W8:Y8,"<>"),COUNTIF(AB8:AD8,"<>"),COUNTIF(AG8:AI8,"<>"),COUNTIF(AL8:AN8,"<>"),COUNTIF(AQ8:AS8,"<>"),COUNTIF(AV8:AX8,"<>"),COUNTIF(BA8:BC8,"<>"),COUNTIF(BF8:BH8,"<>"))/36 -> 1
A9: =IF(Players!B9="","",Players!B9) -> Muhammad Naufal Aiman | C9: Mexico | D9: Korea Republic | E9: Czechia | F9: =IF(AND(C9<>"",'Official Results'!C6<>""),IF(C9='Official Results'!C6,'Instructions & Rules'!$K$4,IF(C9='Official Results'!C7,'Instructions & Rules'!$K$6,0)),0)+IF(AND(D9<>"",'Official Results'!C7<>""),IF(D9='Official Results'!C7,'Instructions & Rules'!$K$5,IF(D9='Official Results'!C6,'Instructions & Rules'!$K$6,0)),0)+IF(AND(E9<>"",'Official Results'!C8<>"",'Official Results'!G8="Yes"),IF(E9='Official Results'!C8,'Instructions & Rules'!$K$7,0),0)+IF(AND(C9='Official Results'!C6,D9='Official Results'!C7,'Official Results'!C6<>"",'Official Results'!C7<>""),'Instructions & Rules'!$K$8,0)+IF(AND(C9='Official Results'!C6,D9='Official Results'!C7,E9='Official Results'!C8,'Official Results'!G8="Yes"),'Instructions & Rules'!$K$9,0) -> 4 | G9: =IF(AND(C9<>"",'Official Results'!C6<>"",C9='Official Results'!C6),1,0)+IF(AND(D9<>"",'Official Results'!C7<>"",D9='Official Results'!C7),1,0)+IF(AND(E9<>"",'Official Results'!C8<>"",'Official Results'!G8="Yes",E9='Official Results'!C8),1,0) -> 1 | H9: Switzerland | I9: Canada | J9: Bosnia and Herzegovina | K9: =IF(AND(H9<>"",'Official Results'!J6<>""),IF(H9='Official Results'!J6,'Instructions & Rules'!$K$4,IF(H9='Official Results'!J7,'Instructions & Rules'!$K$6,0)),0)+IF(AND(I9<>"",'Official Results'!J7<>""),IF(I9='Official Results'!J7,'Instructions & Rules'!$K$5,IF(I9='Official Results'!J6,'Instructions & Rules'!$K$6,0)),0)+IF(AND(J9<>"",'Official Results'!J8<>"",'Official Results'!N8="Yes"),IF(J9='Official Results'!J8,'Instructions & Rules'!$K$7,0),0)+IF(AND(H9='Official Results'!J6,I9='Official Results'!J7,'Official Results'!J6<>"",'Official Results'!J7<>""),'Instructions & Rules'!$K$8,0)+IF(AND(H9='Official Results'!J6,I9='Official Results'!J7,J9='Official Results'!J8,'Official Results'!N8="Yes"),'Instructions & Rules'!$K$9,0) -> 15 | L9: =IF(AND(H9<>"",'Official Results'!J6<>"",H9='Official Results'!J6),1,0)+IF(AND(I9<>"",'Official Results'!J7<>"",I9='Official Results'!J7),1,0)+IF(AND(J9<>"",'Official Results'!J8<>"",'Official Results'!N8="Yes",J9='Official Results'!J8),1,0) -> 3 | M9: Brazil | N9: Morocco | O9: Scotland | P9: =IF(AND(M9<>"",'Official Results'!Q6<>""),IF(M9='Official Results'!Q6,'Instructions & Rules'!$K$4,IF(M9='Official Results'!Q7,'Instructions & Rules'!$K$6,0)),0)+IF(AND(N9<>"",'Official Results'!Q7<>""),IF(N9='Official Results'!Q7,'Instructions & Rules'!$K$5,IF(N9='Official Results'!Q6,'Instructions & Rules'!$K$6,0)),0)+IF(AND(O9<>"",'Official Results'!Q8<>"",'Official Results'!U8="Yes"),IF(O9='Official Results'!Q8,'Instructions & Rules'!$K$7,0),0)+IF(AND(M9='Official Results'!Q6,N9='Official Results'!Q7,'Official Results'!Q6<>"",'Official Results'!Q7<>""),'Instructions & Rules'!$K$8,0)+IF(AND(M9='Official Results'!Q6,N9='Official Results'!Q7,O9='Official Results'!Q8,'Official Results'!U8="Yes"),'Instructions & Rules'!$K$9,0) -> 10 | Q9: =IF(AND(M9<>"",'Official Results'!Q6<>"",M9='Official Results'!Q6),1,0)+IF(AND(N9<>"",'Official Results'!Q7<>"",N9='Official Results'!Q7),1,0)+IF(AND(O9<>"",'Official Results'!Q8<>"",'Official Results'!U8="Yes",O9='Official Results'!Q8),1,0) -> 2 | R9: United States | S9: Türkiye | T9: Australia | U9: =IF(AND(R9<>"",'Official Results'!X6<>""),IF(R9='Official Results'!X6,'Instructions & Rules'!$K$4,IF(R9='Official Results'!X7,'Instructions & Rules'!$K$6,0)),0)+IF(AND(S9<>"",'Official Results'!X7<>""),IF(S9='Official Results'!X7,'Instructions & Rules'!$K$5,IF(S9='Official Results'!X6,'Instructions & Rules'!$K$6,0)),0)+IF(AND(T9<>"",'Official Results'!X8<>"",'Official Results'!AB8="Yes"),IF(T9='Official Results'!X8,'Instructions & Rules'!$K$7,0),0)+IF(AND(R9='Official Results'!X6,S9='Official Results'!X7,'Official Results'!X6<>"",'Official Results'!X7<>""),'Instructions & Rules'!$K$8,0)+IF(AND(R9='Official Results'!X6,S9='Official Results'!X7,T9='Official Results'!X8,'Official Results'!AB8="Yes"),'Instructions & Rules'!$K$9,0) -> 4 | V9: =IF(AND(R9<>"",'Official Results'!X6<>"",R9='Official Results'!X6),1,0)+IF(AND(S9<>"",'Official Results'!X7<>"",S9='Official Results'!X7),1,0)+IF(AND(T9<>"",'Official Results'!X8<>"",'Official Results'!AB8="Yes",T9='Official Results'!X8),1,0) -> 1 | W9: Germany | X9: Côte d'Ivoire | Y9: Ecuador | Z9: =IF(AND(W9<>"",'Official Results'!C13<>""),IF(W9='Official Results'!C13,'Instructions & Rules'!$K$4,IF(W9='Official Results'!C14,'Instructions & Rules'!$K$6,0)),0)+IF(AND(X9<>"",'Official Results'!C14<>""),IF(X9='Official Results'!C14,'Instructions & Rules'!$K$5,IF(X9='Official Results'!C13,'Instructions & Rules'!$K$6,0)),0)+IF(AND(Y9<>"",'Official Results'!C15<>"",'Official Results'!G15="Yes"),IF(Y9='Official Results'!C15,'Instructions & Rules'!$K$7,0),0)+IF(AND(W9='Official Results'!C13,X9='Official Results'!C14,'Official Results'!C13<>"",'Official Results'!C14<>""),'Instructions & Rules'!$K$8,0)+IF(AND(W9='Official Results'!C13,X9='Official Results'!C14,Y9='Official Results'!C15,'Official Results'!G15="Yes"),'Instructions & Rules'!$K$9,0) -> 15 | AA9: =IF(AND(W9<>"",'Official Results'!C13<>"",W9='Official Results'!C13),1,0)+IF(AND(X9<>"",'Official Results'!C14<>"",X9='Official Results'!C14),1,0)+IF(AND(Y9<>"",'Official Results'!C15<>"",'Official Results'!G15="Yes",Y9='Official Results'!C15),1,0) -> 3 | AB9: Netherlands | AC9: Japan | AD9: Sweden | AE9: =IF(AND(AB9<>"",'Official Results'!J13<>""),IF(AB9='Official Results'!J13,'Instructions & Rules'!$K$4,IF(AB9='Official Results'!J14,'Instructions & Rules'!$K$6,0)),0)+IF(AND(AC9<>"",'Official Results'!J14<>""),IF(AC9='Official Results'!J14,'Instructions & Rules'!$K$5,IF(AC9='Official Results'!J13,'Instructions & Rules'!$K$6,0)),0)+IF(AND(AD9<>"",'Official Results'!J15<>"",'Official Results'!N15="Yes"),IF(AD9='Official Results'!J15,'Instructions & Rules'!$K$7,0),0)+IF(AND(AB9='Official Results'!J13,AC9='Official Results'!J14,'Official Results'!J13<>"",'Official Results'!J14<>""),'Instructions & Rules'!$K$8,0)+IF(AND(AB9='Official Results'!J13,AC9='Official Results'!J14,AD9='Official Results'!J15,'Official Results'!N15="Yes"),'Instructions & Rules'!$K$9,0) -> 15 | AF9: =IF(AND(AB9<>"",'Official Results'!J13<>"",AB9='Official Results'!J13),1,0)+IF(AND(AC9<>"",'Official Results'!J14<>"",AC9='Official Results'!J14),1,0)+IF(AND(AD9<>"",'Official Results'!J15<>"",'Official Results'!N15="Yes",AD9='Official Results'!J15),1,0) -> 3 | AG9: Belgium | AH9: Egypt | AI9: IR Iran | AJ9: =IF(AND(AG9<>"",'Official Results'!Q13<>""),IF(AG9='Official Results'!Q13,'Instructions & Rules'!$K$4,IF(AG9='Official Results'!Q14,'Instructions & Rules'!$K$6,0)),0)+IF(AND(AH9<>"",'Official Results'!Q14<>""),IF(AH9='Official Results'!Q14,'Instructions & Rules'!$K$5,IF(AH9='Official Results'!Q13,'Instructions & Rules'!$K$6,0)),0)+IF(AND(AI9<>"",'Official Results'!Q15<>"",'Official Results'!U15="Yes"),IF(AI9='Official Results'!Q15,'Instructions & Rules'!$K$7,0),0)+IF(AND(AG9='Official Results'!Q13,AH9='Official Results'!Q14,'Official Results'!Q13<>"",'Official Results'!Q14<>""),'Instructions & Rules'!$K$8,0)+IF(AND(AG9='Official Results'!Q13,AH9='Official Results'!Q14,AI9='Official Results'!Q15,'Official Results'!U15="Yes"),'Instructions & Rules'!$K$9,0) -> 10 | AK9: =IF(AND(AG9<>"",'Official Results'!Q13<>"",AG9='Official Results'!Q13),1,0)+IF(AND(AH9<>"",'Official Results'!Q14<>"",AH9='Official Results'!Q14),1,0)+IF(AND(AI9<>"",'Official Results'!Q15<>"",'Official Results'!U15="Yes",AI9='Official Results'!Q15),1,0) -> 2 | AL9: Spain | AM9: Uruguay | AN9: Saudi Arabia | AO9: =IF(AND(AL9<>"",'Official Results'!X13<>""),IF(AL9='Official Results'!X13,'Instructions & Rules'!$K$4,IF(AL9='Official Results'!X14,'Instructions & Rules'!$K$6,0)),0)+IF(AND(AM9<>"",'Official Results'!X14<>""),IF(AM9='Official Results'!X14,'Instructions & Rules'!$K$5,IF(AM9='Official Results'!X13,'Instructions & Rules'!$K$6,0)),0)+IF(AND(AN9<>"",'Official Results'!X15<>"",'Official Results'!AB15="Yes"),IF(AN9='Official Results'!X15,'Instructions & Rules'!$K$7,0),0)+IF(AND(AL9='Official Results'!X13,AM9='Official Results'!X14,'Official Results'!X13<>"",'Official Results'!X14<>""),'Instructions & Rules'!$K$8,0)+IF(AND(AL9='Official Results'!X13,AM9='Official Results'!X14,AN9='Official Results'!X15,'Official Results'!AB15="Yes"),'Instructions & Rules'!$K$9,0) -> 4 | AP9: =IF(AND(AL9<>"",'Official Results'!X13<>"",AL9='Official Results'!X13),1,0)+IF(AND(AM9<>"",'Official Results'!X14<>"",AM9='Official Results'!X14),1,0)+IF(AND(AN9<>"",'Official Results'!X15<>"",'Official Results'!AB15="Yes",AN9='Official Results'!X15),1,0) -> 1 | AQ9: France | AR9: Norway | AS9: Senegal | AT9: =IF(AND(AQ9<>"",'Official Results'!C20<>""),IF(AQ9='Official Results'!C20,'Instructions & Rules'!$K$4,IF(AQ9='Official Results'!C21,'Instructions & Rules'!$K$6,0)),0)+IF(AND(AR9<>"",'Official Results'!C21<>""),IF(AR9='Official Results'!C21,'Instructions & Rules'!$K$5,IF(AR9='Official Results'!C20,'Instructions & Rules'!$K$6,0)),0)+IF(AND(AS9<>"",'Official Results'!C22<>"",'Official Results'!G22="Yes"),IF(AS9='Official Results'!C22,'Instructions & Rules'!$K$7,0),0)+IF(AND(AQ9='Official Results'!C20,AR9='Official Results'!C21,'Official Results'!C20<>"",'Official Results'!C21<>""),'Instructions & Rules'!$K$8,0)+IF(AND(AQ9='Official Results'!C20,AR9='Official Results'!C21,AS9='Official Results'!C22,'Official Results'!G22="Yes"),'Instructions & Rules'!$K$9,0) -> 15 | AU9: =IF(AND(AQ9<>"",'Official Results'!C20<>"",AQ9='Official Results'!C20),1,0)+IF(AND(AR9<>"",'Official Results'!C21<>"",AR9='Official Results'!C21),1,0)+IF(AND(AS9<>"",'Official Results'!C22<>"",'Official Results'!G22="Yes",AS9='Official Results'!C22),1,0) -> 3 | AV9: Argentina | AW9: Algeria | AX9: Austria | AY9: =IF(AND(AV9<>"",'Official Results'!J20<>""),IF(AV9='Official Results'!J20,'Instructions & Rules'!$K$4,IF(AV9='Official Results'!J21,'Instructions & Rules'!$K$6,0)),0)+IF(AND(AW9<>"",'Official Results'!J21<>""),IF(AW9='Official Results'!J21,'Instructions & Rules'!$K$5,IF(AW9='Official Results'!J20,'Instructions & Rules'!$K$6,0)),0)+IF(AND(AX9<>"",'Official Results'!J22<>"",'Official Results'!N22="Yes"),IF(AX9='Official Results'!J22,'Instructions & Rules'!$K$7,0),0)+IF(AND(AV9='Official Results'!J20,AW9='Official Results'!J21,'Official Results'!J20<>"",'Official Results'!J21<>""),'Instructions & Rules'!$K$8,0)+IF(AND(AV9='Official Results'!J20,AW9='Official Results'!J21,AX9='Official Results'!J22,'Official Results'!N22="Yes"),'Instructions & Rules'!$K$9,0) -> 4 | AZ9: =IF(AND(AV9<>"",'Official Results'!J20<>"",AV9='Official Results'!J20),1,0)+IF(AND(AW9<>"",'Official Results'!J21<>"",AW9='Official Results'!J21),1,0)+IF(AND(AX9<>"",'Official Results'!J22<>"",'Official Results'!N22="Yes",AX9='Official Results'!J22),1,0) -> 1 | BA9: Portugal | BB9: Colombia | BC9: Uzbekistan | BD9: =IF(AND(BA9<>"",'Official Results'!Q20<>""),IF(BA9='Official Results'!Q20,'Instructions & Rules'!$K$4,IF(BA9='Official Results'!Q21,'Instructions & Rules'!$K$6,0)),0)+IF(AND(BB9<>"",'Official Results'!Q21<>""),IF(BB9='Official Results'!Q21,'Instructions & Rules'!$K$5,IF(BB9='Official Results'!Q20,'Instructions & Rules'!$K$6,0)),0)+IF(AND(BC9<>"",'Official Results'!Q22<>"",'Official Results'!U22="Yes"),IF(BC9='Official Results'!Q22,'Instructions & Rules'!$K$7,0),0)+IF(AND(BA9='Official Results'!Q20,BB9='Official Results'!Q21,'Official Results'!Q20<>"",'Official Results'!Q21<>""),'Instructions & Rules'!$K$8,0)+IF(AND(BA9='Official Results'!Q20,BB9='Official Results'!Q21,BC9='Official Results'!Q22,'Official Results'!U22="Yes"),'Instructions & Rules'!$K$9,0) -> 2 | BE9: =IF(AND(BA9<>"",'Official Results'!Q20<>"",BA9='Official Results'!Q20),1,0)+IF(AND(BB9<>"",'Official Results'!Q21<>"",BB9='Official Results'!Q21),1,0)+IF(AND(BC9<>"",'Official Results'!Q22<>"",'Official Results'!U22="Yes",BC9='Official Results'!Q22),1,0) -> 0 | BF9: England | BG9: Croatia | BH9: Ghana | BI9: =IF(AND(BF9<>"",'Official Results'!X20<>""),IF(BF9='Official Results'!X20,'Instructions & Rules'!$K$4,IF(BF9='Official Results'!X21,'Instructions & Rules'!$K$6,0)),0)+IF(AND(BG9<>"",'Official Results'!X21<>""),IF(BG9='Official Results'!X21,'Instructions & Rules'!$K$5,IF(BG9='Official Results'!X20,'Instructions & Rules'!$K$6,0)),0)+IF(AND(BH9<>"",'Official Results'!X22<>"",'Official Results'!AB22="Yes"),IF(BH9='Official Results'!X22,'Instructions & Rules'!$K$7,0),0)+IF(AND(BF9='Official Results'!X20,BG9='Official Results'!X21,'Official Results'!X20<>"",'Official Results'!X21<>""),'Instructions & Rules'!$K$8,0)+IF(AND(BF9='Official Results'!X20,BG9='Official Results'!X21,BH9='Official Results'!X22,'Official Results'!AB22="Yes"),'Instructions & Rules'!$K$9,0) -> 15 | BJ9: =IF(AND(BF9<>"",'Official Results'!X20<>"",BF9='Official Results'!X20),1,0)+IF(AND(BG9<>"",'Official Results'!X21<>"",BG9='Official Results'!X21),1,0)+IF(AND(BH9<>"",'Official Results'!X22<>"",'Official Results'!AB22="Yes",BH9='Official Results'!X22),1,0) -> 3 | BK9: =SUM(F9,K9,P9,U9,Z9,AE9,AJ9,AO9,AT9,AY9,BD9,BI9) -> 113 | BL9: =SUM(G9,L9,Q9,V9,AA9,AF9,AK9,AP9,AU9,AZ9,BE9,BJ9) -> 23 | BM9: =SUM(COUNTIF(C9:E9,"<>"),COUNTIF(H9:J9,"<>"),COUNTIF(M9:O9,"<>"),COUNTIF(R9:T9,"<>"),COUNTIF(W9:Y9,"<>"),COUNTIF(AB9:AD9,"<>"),COUNTIF(AG9:AI9,"<>"),COUNTIF(AL9:AN9,"<>"),COUNTIF(AQ9:AS9,"<>"),COUNTIF(AV9:AX9,"<>"),COUNTIF(BA9:BC9,"<>"),COUNTIF(BF9:BH9,"<>"))/36 -> 1
A10: =IF(Players!B10="","",Players!B10) -> Ahade | C10: Mexico | D10: Korea Republic | E10: South Africa | F10: =IF(AND(C10<>"",'Official Results'!C6<>""),IF(C10='Official Results'!C6,'Instructions & Rules'!$K$4,IF(C10='Official Results'!C7,'Instructions & Rules'!$K$6,0)),0)+IF(AND(D10<>"",'Official Results'!C7<>""),IF(D10='Official Results'!C7,'Instructions & Rules'!$K$5,IF(D10='Official Results'!C6,'Instructions & Rules'!$K$6,0)),0)+IF(AND(E10<>"",'Official Results'!C8<>"",'Official Results'!G8="Yes"),IF(E10='Official Results'!C8,'Instructions & Rules'!$K$7,0),0)+IF(AND(C10='Official Results'!C6,D10='Official Results'!C7,'Official Results'!C6<>"",'Official Results'!C7<>""),'Instructions & Rules'!$K$8,0)+IF(AND(C10='Official Results'!C6,D10='Official Results'!C7,E10='Official Results'!C8,'Official Results'!G8="Yes"),'Instructions & Rules'!$K$9,0) -> 4 | G10: =IF(AND(C10<>"",'Official Results'!C6<>"",C10='Official Results'!C6),1,0)+IF(AND(D10<>"",'Official Results'!C7<>"",D10='Official Results'!C7),1,0)+IF(AND(E10<>"",'Official Results'!C8<>"",'Official Results'!G8="Yes",E10='Official Results'!C8),1,0) -> 1 | H10: Canada | I10: Switzerland | J10: Qatar | K10: =IF(AND(H10<>"",'Official Results'!J6<>""),IF(H10='Official Results'!J6,'Instructions & Rules'!$K$4,IF(H10='Official Results'!J7,'Instructions & Rules'!$K$6,0)),0)+IF(AND(I10<>"",'Official Results'!J7<>""),IF(I10='Official Results'!J7,'Instructions & Rules'!$K$5,IF(I10='Official Results'!J6,'Instructions & Rules'!$K$6,0)),0)+IF(AND(J10<>"",'Official Results'!J8<>"",'Official Results'!N8="Yes"),IF(J10='Official Results'!J8,'Instructions & Rules'!$K$7,0),0)+IF(AND(H10='Official Results'!J6,I10='Official Results'!J7,'Official Results'!J6<>"",'Official Results'!J7<>""),'Instructions & Rules'!$K$8,0)+IF(AND(H10='Official Results'!J6,I10='Official Results'!J7,J10='Official Results'!J8,'Official Results'!N8="Yes"),'Instructions & Rules'!$K$9,0) -> 2 | L10: =IF(AND(H10<>"",'Official Results'!J6<>"",H10='Official Results'!J6),1,0)+IF(AND(I10<>"",'Official Results'!J7<>"",I10='Official Results'!J7),1,0)+IF(AND(J10<>"",'Official Results'!J8<>"",'Official Results'!N8="Yes",J10='Official Results'!J8),1,0) -> 0 | M10: Brazil | N10: Morocco | O10: Scotland | P10: =IF(AND(M10<>"",'Official Results'!Q6<>""),IF(M10='Official Results'!Q6,'Instructions & Rules'!$K$4,IF(M10='Official Results'!Q7,'Instructions & Rules'!$K$6,0)),0)+IF(AND(N10<>"",'Official Results'!Q7<>""),IF(N10='Official Results'!Q7,'Instructions & Rules'!$K$5,IF(N10='Official Results'!Q6,'Instructions & Rules'!$K$6,0)),0)+IF(AND(O10<>"",'Official Results'!Q8<>"",'Official Results'!U8="Yes"),IF(O10='Official Results'!Q8,'Instructions & Rules'!$K$7,0),0)+IF(AND(M10='Official Results'!Q6,N10='Official Results'!Q7,'Official Results'!Q6<>"",'Official Results'!Q7<>""),'Instructions & Rules'!$K$8,0)+IF(AND(M10='Official Results'!Q6,N10='Official Results'!Q7,O10='Official Results'!Q8,'Official Results'!U8="Yes"),'Instructions & Rules'!$K$9,0) -> 10 | Q10: =IF(AND(M10<>"",'Official Results'!Q6<>"",M10='Official Results'!Q6),1,0)+IF(AND(N10<>"",'Official Results'!Q7<>"",N10='Official Results'!Q7),1,0)+IF(AND(O10<>"",'Official Results'!Q8<>"",'Official Results'!U8="Yes",O10='Official Results'!Q8),1,0) -> 2 | R10: Paraguay | S10: Türkiye | T10: Australia | U10: =IF(AND(R10<>"",'Official Results'!X6<>""),IF(R10='Official Results'!X6,'Instructions & Rules'!$K$4,IF(R10='Official Results'!X7,'Instructions & Rules'!$K$6,0)),0)+IF(AND(S10<>"",'Official Results'!X7<>""),IF(S10='Official Results'!X7,'Instructions & Rules'!$K$5,IF(S10='Official Results'!X6,'Instructions & Rules'!$K$6,0)),0)+IF(AND(T10<>"",'Official Results'!X8<>"",'Official Results'!AB8="Yes"),IF(T10='Official Results'!X8,'Instructions & Rules'!$K$7,0),0)+IF(AND(R10='Official Results'!X6,S10='Official Results'!X7,'Official Results'!X6<>"",'Official Results'!X7<>""),'Instructions & Rules'!$K$8,0)+IF(AND(R10='Official Results'!X6,S10='Official Results'!X7,T10='Official Results'!X8,'Official Results'!AB8="Yes"),'Instructions & Rules'!$K$9,0) -> 0 | V10: =IF(AND(R10<>"",'Official Results'!X6<>"",R10='Official Results'!X6),1,0)+IF(AND(S10<>"",'Official Results'!X7<>"",S10='Official Results'!X7),1,0)+IF(AND(T10<>"",'Official Results'!X8<>"",'Official Results'!AB8="Yes",T10='Official Results'!X8),1,0) -> 0 | W10: Germany | X10: Côte d'Ivoire | Y10: Ecuador | Z10: =IF(AND(W10<>"",'Official Results'!C13<>""),IF(W10='Official Results'!C13,'Instructions & Rules'!$K$4,IF(W10='Official Results'!C14,'Instructions & Rules'!$K$6,0)),0)+IF(AND(X10<>"",'Official Results'!C14<>""),IF(X10='Official Results'!C14,'Instructions & Rules'!$K$5,IF(X10='Official Results'!C13,'Instructions & Rules'!$K$6,0)),0)+IF(AND(Y10<>"",'Official Results'!C15<>"",'Official Results'!G15="Yes"),IF(Y10='Official Results'!C15,'Instructions & Rules'!$K$7,0),0)+IF(AND(W10='Official Results'!C13,X10='Official Results'!C14,'Official Results'!C13<>"",'Official Results'!C14<>""),'Instructions & Rules'!$K$8,0)+IF(AND(W10='Official Results'!C13,X10='Official Results'!C14,Y10='Official Results'!C15,'Official Results'!G15="Yes"),'Instructions & Rules'!$K$9,0) -> 15 | AA10: =IF(AND(W10<>"",'Official Results'!C13<>"",W10='Official Results'!C13),1,0)+IF(AND(X10<>"",'Official Results'!C14<>"",X10='Official Results'!C14),1,0)+IF(AND(Y10<>"",'Official Results'!C15<>"",'Official Results'!G15="Yes",Y10='Official Results'!C15),1,0) -> 3 | AB10: Japan | AC10: Netherlands | AD10: Sweden | AE10: =IF(AND(AB10<>"",'Official Results'!J13<>""),IF(AB10='Official Results'!J13,'Instructions & Rules'!$K$4,IF(AB10='Official Results'!J14,'Instructions & Rules'!$K$6,0)),0)+IF(AND(AC10<>"",'Official Results'!J14<>""),IF(AC10='Official Results'!J14,'Instructions & Rules'!$K$5,IF(AC10='Official Results'!J13,'Instructions & Rules'!$K$6,0)),0)+IF(AND(AD10<>"",'Official Results'!J15<>"",'Official Results'!N15="Yes"),IF(AD10='Official Results'!J15,'Instructions & Rules'!$K$7,0),0)+IF(AND(AB10='Official Results'!J13,AC10='Official Results'!J14,'Official Results'!J13<>"",'Official Results'!J14<>""),'Instructions & Rules'!$K$8,0)+IF(AND(AB10='Official Results'!J13,AC10='Official Results'!J14,AD10='Official Results'!J15,'Official Results'!N15="Yes"),'Instructions & Rules'!$K$9,0) -> 4 | AF10: =IF(AND(AB10<>"",'Official Results'!J13<>"",AB10='Official Results'!J13),1,0)+IF(AND(AC10<>"",'Official Results'!J14<>"",AC10='Official Results'!J14),1,0)+IF(AND(AD10<>"",'Official Results'!J15<>"",'Official Results'!N15="Yes",AD10='Official Results'!J15),1,0) -> 1 | AG10: Belgium | AH10: Egypt | AI10: IR Iran | AJ10: =IF(AND(AG10<>"",'Official Results'!Q13<>""),IF(AG10='Official Results'!Q13,'Instructions & Rules'!$K$4,IF(AG10='Official Results'!Q14,'Instructions & Rules'!$K$6,0)),0)+IF(AND(AH10<>"",'Official Results'!Q14<>""),IF(AH10='Official Results'!Q14,'Instructions & Rules'!$K$5,IF(AH10='Official Results'!Q13,'Instructions & Rules'!$K$6,0)),0)+IF(AND(AI10<>"",'Official Results'!Q15<>"",'Official Results'!U15="Yes"),IF(AI10='Official Results'!Q15,'Instructions & Rules'!$K$7,0),0)+IF(AND(AG10='Official Results'!Q13,AH10='Official Results'!Q14,'Official Results'!Q13<>"",'Official Results'!Q14<>""),'Instructions & Rules'!$K$8,0)+IF(AND(AG10='Official Results'!Q13,AH10='Official Results'!Q14,AI10='Official Results'!Q15,'Official Results'!U15="Yes"),'Instructions & Rules'!$K$9,0) -> 10 | AK10: =IF(AND(AG10<>"",'Official Results'!Q13<>"",AG10='Official Results'!Q13),1,0)+IF(AND(AH10<>"",'Official Results'!Q14<>"",AH10='Official Results'!Q14),1,0)+IF(AND(AI10<>"",'Official Results'!Q15<>"",'Official Results'!U15="Yes",AI10='Official Results'!Q15),1,0) -> 2 | AL10: Spain | AM10: Saudi Arabia | AN10: Uruguay | AO10: =IF(AND(AL10<>"",'Official Results'!X13<>""),IF(AL10='Official Results'!X13,'Instructions & Rules'!$K$4,IF(AL10='Official Results'!X14,'Instructions & Rules'!$K$6,0)),0)+IF(AND(AM10<>"",'Official Results'!X14<>""),IF(AM10='Official Results'!X14,'Instructions & Rules'!$K$5,IF(AM10='Official Results'!X13,'Instructions & Rules'!$K$6,0)),0)+IF(AND(AN10<>"",'Official Results'!X15<>"",'Official Results'!AB15="Yes"),IF(AN10='Official Results'!X15,'Instructions & Rules'!$K$7,0),0)+IF(AND(AL10='Official Results'!X13,AM10='Official Results'!X14,'Official Results'!X13<>"",'Official Results'!X14<>""),'Instructions & Rules'!$K$8,0)+IF(AND(AL10='Official Results'!X13,AM10='Official Results'!X14,AN10='Official Results'!X15,'Official Results'!AB15="Yes"),'Instructions & Rules'!$K$9,0) -> 4 | AP10: =IF(AND(AL10<>"",'Official Results'!X13<>"",AL10='Official Results'!X13),1,0)+IF(AND(AM10<>"",'Official Results'!X14<>"",AM10='Official Results'!X14),1,0)+IF(AND(AN10<>"",'Official Results'!X15<>"",'Official Results'!AB15="Yes",AN10='Official Results'!X15),1,0) -> 1 | AQ10: France | AR10: Norway | AS10: Senegal | AT10: =IF(AND(AQ10<>"",'Official Results'!C20<>""),IF(AQ10='Official Results'!C20,'Instructions & Rules'!$K$4,IF(AQ10='Official Results'!C21,'Instructions & Rules'!$K$6,0)),0)+IF(AND(AR10<>"",'Official Results'!C21<>""),IF(AR10='Official Results'!C21,'Instructions & Rules'!$K$5,IF(AR10='Official Results'!C20,'Instructions & Rules'!$K$6,0)),0)+IF(AND(AS10<>"",'Official Results'!C22<>"",'Official Results'!G22="Yes"),IF(AS10='Official Results'!C22,'Instructions & Rules'!$K$7,0),0)+IF(AND(AQ10='Official Results'!C20,AR10='Official Results'!C21,'Official Results'!C20<>"",'Official Results'!C21<>""),'Instructions & Rules'!$K$8,0)+IF(AND(AQ10='Official Results'!C20,AR10='Official Results'!C21,AS10='Official Results'!C22,'Official Results'!G22="Yes"),'Instructions & Rules'!$K$9,0) -> 15 | AU10: =IF(AND(AQ10<>"",'Official Results'!C20<>"",AQ10='Official Results'!C20),1,0)+IF(AND(AR10<>"",'Official Results'!C21<>"",AR10='Official Results'!C21),1,0)+IF(AND(AS10<>"",'Official Results'!C22<>"",'Official Results'!G22="Yes",AS10='Official Results'!C22),1,0) -> 3 | AV10: Argentina | AW10: Austria | AX10: Algeria | AY10: =IF(AND(AV10<>"",'Official Results'!J20<>""),IF(AV10='Official Results'!J20,'Instructions & Rules'!$K$4,IF(AV10='Official Results'!J21,'Instructions & Rules'!$K$6,0)),0)+IF(AND(AW10<>"",'Official Results'!J21<>""),IF(AW10='Official Results'!J21,'Instructions & Rules'!$K$5,IF(AW10='Official Results'!J20,'Instructions & Rules'!$K$6,0)),0)+IF(AND(AX10<>"",'Official Results'!J22<>"",'Official Results'!N22="Yes"),IF(AX10='Official Results'!J22,'Instructions & Rules'!$K$7,0),0)+IF(AND(AV10='Official Results'!J20,AW10='Official Results'!J21,'Official Results'!J20<>"",'Official Results'!J21<>""),'Instructions & Rules'!$K$8,0)+IF(AND(AV10='Official Results'!J20,AW10='Official Results'!J21,AX10='Official Results'!J22,'Official Results'!N22="Yes"),'Instructions & Rules'!$K$9,0) -> 15 | AZ10: =IF(AND(AV10<>"",'Official Results'!J20<>"",AV10='Official Results'!J20),1,0)+IF(AND(AW10<>"",'Official Results'!J21<>"",AW10='Official Results'!J21),1,0)+IF(AND(AX10<>"",'Official Results'!J22<>"",'Official Results'!N22="Yes",AX10='Official Results'!J22),1,0) -> 3 | BA10: Portugal | BB10: Uzbekistan | BC10: Colombia | BD10: =IF(AND(BA10<>"",'Official Results'!Q20<>""),IF(BA10='Official Results'!Q20,'Instructions & Rules'!$K$4,IF(BA10='Official Results'!Q21,'Instructions & Rules'!$K$6,0)),0)+IF(AND(BB10<>"",'Official Results'!Q21<>""),IF(BB10='Official Results'!Q21,'Instructions & Rules'!$K$5,IF(BB10='Official Results'!Q20,'Instructions & Rules'!$K$6,0)),0)+IF(AND(BC10<>"",'Official Results'!Q22<>"",'Official Results'!U22="Yes"),IF(BC10='Official Results'!Q22,'Instructions & Rules'!$K$7,0),0)+IF(AND(BA10='Official Results'!Q20,BB10='Official Results'!Q21,'Official Results'!Q20<>"",'Official Results'!Q21<>""),'Instructions & Rules'!$K$8,0)+IF(AND(BA10='Official Results'!Q20,BB10='Official Results'!Q21,BC10='Official Results'!Q22,'Official Results'!U22="Yes"),'Instructions & Rules'!$K$9,0) -> 1 | BE10: =IF(AND(BA10<>"",'Official Results'!Q20<>"",BA10='Official Results'!Q20),1,0)+IF(AND(BB10<>"",'Official Results'!Q21<>"",BB10='Official Results'!Q21),1,0)+IF(AND(BC10<>"",'Official Results'!Q22<>"",'Official Results'!U22="Yes",BC10='Official Results'!Q22),1,0) -> 0 | BF10: Croatia | BG10: England | BH10: Ghana | BI10: =IF(AND(BF10<>"",'Official Results'!X20<>""),IF(BF10='Official Results'!X20,'Instructions & Rules'!$K$4,IF(BF10='Official Results'!X21,'Instructions & Rules'!$K$6,0)),0)+IF(AND(BG10<>"",'Official Results'!X21<>""),IF(BG10='Official Results'!X21,'Instructions & Rules'!$K$5,IF(BG10='Official Results'!X20,'Instructions & Rules'!$K$6,0)),0)+IF(AND(BH10<>"",'Official Results'!X22<>"",'Official Results'!AB22="Yes"),IF(BH10='Official Results'!X22,'Instructions & Rules'!$K$7,0),0)+IF(AND(BF10='Official Results'!X20,BG10='Official Results'!X21,'Official Results'!X20<>"",'Official Results'!X21<>""),'Instructions & Rules'!$K$8,0)+IF(AND(BF10='Official Results'!X20,BG10='Official Results'!X21,BH10='Official Results'!X22,'Official Results'!AB22="Yes"),'Instructions & Rules'!$K$9,0) -> 4 | BJ10: =IF(AND(BF10<>"",'Official Results'!X20<>"",BF10='Official Results'!X20),1,0)+IF(AND(BG10<>"",'Official Results'!X21<>"",BG10='Official Results'!X21),1,0)+IF(AND(BH10<>"",'Official Results'!X22<>"",'Official Results'!AB22="Yes",BH10='Official Results'!X22),1,0) -> 1 | BK10: =SUM(F10,K10,P10,U10,Z10,AE10,AJ10,AO10,AT10,AY10,BD10,BI10) -> 84 | BL10: =SUM(G10,L10,Q10,V10,AA10,AF10,AK10,AP10,AU10,AZ10,BE10,BJ10) -> 17 | BM10: =SUM(COUNTIF(C10:E10,"<>"),COUNTIF(H10:J10,"<>"),COUNTIF(M10:O10,"<>"),COUNTIF(R10:T10,"<>"),COUNTIF(W10:Y10,"<>"),COUNTIF(AB10:AD10,"<>"),COUNTIF(AG10:AI10,"<>"),COUNTIF(AL10:AN10,"<>"),COUNTIF(AQ10:AS10,"<>"),COUNTIF(AV10:AX10,"<>"),COUNTIF(BA10:BC10,"<>"),COUNTIF(BF10:BH10,"<>"))/36 -> 1
A11: =IF(Players!B11="","",Players!B11) -> Aldy | C11: Mexico | D11: Korea Republic | E11: South Africa | F11: =IF(AND(C11<>"",'Official Results'!C6<>""),IF(C11='Official Results'!C6,'Instructions & Rules'!$K$4,IF(C11='Official Results'!C7,'Instructions & Rules'!$K$6,0)),0)+IF(AND(D11<>"",'Official Results'!C7<>""),IF(D11='Official Results'!C7,'Instructions & Rules'!$K$5,IF(D11='Official Results'!C6,'Instructions & Rules'!$K$6,0)),0)+IF(AND(E11<>"",'Official Results'!C8<>"",'Official Results'!G8="Yes"),IF(E11='Official Results'!C8,'Instructions & Rules'!$K$7,0),0)+IF(AND(C11='Official Results'!C6,D11='Official Results'!C7,'Official Results'!C6<>"",'Official Results'!C7<>""),'Instructions & Rules'!$K$8,0)+IF(AND(C11='Official Results'!C6,D11='Official Results'!C7,E11='Official Results'!C8,'Official Results'!G8="Yes"),'Instructions & Rules'!$K$9,0) -> 4 | G11: =IF(AND(C11<>"",'Official Results'!C6<>"",C11='Official Results'!C6),1,0)+IF(AND(D11<>"",'Official Results'!C7<>"",D11='Official Results'!C7),1,0)+IF(AND(E11<>"",'Official Results'!C8<>"",'Official Results'!G8="Yes",E11='Official Results'!C8),1,0) -> 1 | H11: Switzerland | I11: Canada | J11: Qatar | K11: =IF(AND(H11<>"",'Official Results'!J6<>""),IF(H11='Official Results'!J6,'Instructions & Rules'!$K$4,IF(H11='Official Results'!J7,'Instructions & Rules'!$K$6,0)),0)+IF(AND(I11<>"",'Official Results'!J7<>""),IF(I11='Official Results'!J7,'Instructions & Rules'!$K$5,IF(I11='Official Results'!J6,'Instructions & Rules'!$K$6,0)),0)+IF(AND(J11<>"",'Official Results'!J8<>"",'Official Results'!N8="Yes"),IF(J11='Official Results'!J8,'Instructions & Rules'!$K$7,0),0)+IF(AND(H11='Official Results'!J6,I11='Official Results'!J7,'Official Results'!J6<>"",'Official Results'!J7<>""),'Instructions & Rules'!$K$8,0)+IF(AND(H11='Official Results'!J6,I11='Official Results'!J7,J11='Official Results'!J8,'Official Results'!N8="Yes"),'Instructions & Rules'!$K$9,0) -> 10 | L11: =IF(AND(H11<>"",'Official Results'!J6<>"",H11='Official Results'!J6),1,0)+IF(AND(I11<>"",'Official Results'!J7<>"",I11='Official Results'!J7),1,0)+IF(AND(J11<>"",'Official Results'!J8<>"",'Official Results'!N8="Yes",J11='Official Results'!J8),1,0) -> 2 | M11: Brazil | N11: Morocco | O11: Scotland | P11: =IF(AND(M11<>"",'Official Results'!Q6<>""),IF(M11='Official Results'!Q6,'Instructions & Rules'!$K$4,IF(M11='Official Results'!Q7,'Instructions & Rules'!$K$6,0)),0)+IF(AND(N11<>"",'Official Results'!Q7<>""),IF(N11='Official Results'!Q7,'Instructions & Rules'!$K$5,IF(N11='Official Results'!Q6,'Instructions & Rules'!$K$6,0)),0)+IF(AND(O11<>"",'Official Results'!Q8<>"",'Official Results'!U8="Yes"),IF(O11='Official Results'!Q8,'Instructions & Rules'!$K$7,0),0)+IF(AND(M11='Official Results'!Q6,N11='Official Results'!Q7,'Official Results'!Q6<>"",'Official Results'!Q7<>""),'Instructions & Rules'!$K$8,0)+IF(AND(M11='Official Results'!Q6,N11='Official Results'!Q7,O11='Official Results'!Q8,'Official Results'!U8="Yes"),'Instructions & Rules'!$K$9,0) -> 10 | Q11: =IF(AND(M11<>"",'Official Results'!Q6<>"",M11='Official Results'!Q6),1,0)+IF(AND(N11<>"",'Official Results'!Q7<>"",N11='Official Results'!Q7),1,0)+IF(AND(O11<>"",'Official Results'!Q8<>"",'Official Results'!U8="Yes",O11='Official Results'!Q8),1,0) -> 2 | R11: United States | S11: Türkiye | T11: Australia | U11: =IF(AND(R11<>"",'Official Results'!X6<>""),IF(R11='Official Results'!X6,'Instructions & Rules'!$K$4,IF(R11='Official Results'!X7,'Instructions & Rules'!$K$6,0)),0)+IF(AND(S11<>"",'Official Results'!X7<>""),IF(S11='Official Results'!X7,'Instructions & Rules'!$K$5,IF(S11='Official Results'!X6,'Instructions & Rules'!$K$6,0)),0)+IF(AND(T11<>"",'Official Results'!X8<>"",'Official Results'!AB8="Yes"),IF(T11='Official Results'!X8,'Instructions & Rules'!$K$7,0),0)+IF(AND(R11='Official Results'!X6,S11='Official Results'!X7,'Official Results'!X6<>"",'Official Results'!X7<>""),'Instructions & Rules'!$K$8,0)+IF(AND(R11='Official Results'!X6,S11='Official Results'!X7,T11='Official Results'!X8,'Official Results'!AB8="Yes"),'Instructions & Rules'!$K$9,0) -> 4 | V11: =IF(AND(R11<>"",'Official Results'!X6<>"",R11='Official Results'!X6),1,0)+IF(AND(S11<>"",'Official Results'!X7<>"",S11='Official Results'!X7),1,0)+IF(AND(T11<>"",'Official Results'!X8<>"",'Official Results'!AB8="Yes",T11='Official Results'!X8),1,0) -> 1 | W11: Germany | X11: Ecuador | Y11: Côte d'Ivoire | Z11: =IF(AND(W11<>"",'Official Results'!C13<>""),IF(W11='Official Results'!C13,'Instructions & Rules'!$K$4,IF(W11='Official Results'!C14,'Instructions & Rules'!$K$6,0)),0)+IF(AND(X11<>"",'Official Results'!C14<>""),IF(X11='Official Results'!C14,'Instructions & Rules'!$K$5,IF(X11='Official Results'!C13,'Instructions & Rules'!$K$6,0)),0)+IF(AND(Y11<>"",'Official Results'!C15<>"",'Official Results'!G15="Yes"),IF(Y11='Official Results'!C15,'Instructions & Rules'!$K$7,0),0)+IF(AND(W11='Official Results'!C13,X11='Official Results'!C14,'Official Results'!C13<>"",'Official Results'!C14<>""),'Instructions & Rules'!$K$8,0)+IF(AND(W11='Official Results'!C13,X11='Official Results'!C14,Y11='Official Results'!C15,'Official Results'!G15="Yes"),'Instructions & Rules'!$K$9,0) -> 4 | AA11: =IF(AND(W11<>"",'Official Results'!C13<>"",W11='Official Results'!C13),1,0)+IF(AND(X11<>"",'Official Results'!C14<>"",X11='Official Results'!C14),1,0)+IF(AND(Y11<>"",'Official Results'!C15<>"",'Official Results'!G15="Yes",Y11='Official Results'!C15),1,0) -> 1 | AB11: Netherlands | AC11: Japan | AD11: Sweden | AE11: =IF(AND(AB11<>"",'Official Results'!J13<>""),IF(AB11='Official Results'!J13,'Instructions & Rules'!$K$4,IF(AB11='Official Results'!J14,'Instructions & Rules'!$K$6,0)),0)+IF(AND(AC11<>"",'Official Results'!J14<>""),IF(AC11='Official Results'!J14,'Instructions & Rules'!$K$5,IF(AC11='Official Results'!J13,'Instructions & Rules'!$K$6,0)),0)+IF(AND(AD11<>"",'Official Results'!J15<>"",'Official Results'!N15="Yes"),IF(AD11='Official Results'!J15,'Instructions & Rules'!$K$7,0),0)+IF(AND(AB11='Official Results'!J13,AC11='Official Results'!J14,'Official Results'!J13<>"",'Official Results'!J14<>""),'Instructions & Rules'!$K$8,0)+IF(AND(AB11='Official Results'!J13,AC11='Official Results'!J14,AD11='Official Results'!J15,'Official Results'!N15="Yes"),'Instructions & Rules'!$K$9,0) -> 15 | AF11: =IF(AND(AB11<>"",'Official Results'!J13<>"",AB11='Official Results'!J13),1,0)+IF(AND(AC11<>"",'Official Results'!J14<>"",AC11='Official Results'!J14),1,0)+IF(AND(AD11<>"",'Official Results'!J15<>"",'Official Results'!N15="Yes",AD11='Official Results'!J15),1,0) -> 3 | AG11: Belgium | AH11: Egypt | AI11: New Zealand | AJ11: =IF(AND(AG11<>"",'Official Results'!Q13<>""),IF(AG11='Official Results'!Q13,'Instructions & Rules'!$K$4,IF(AG11='Official Results'!Q14,'Instructions & Rules'!$K$6,0)),0)+IF(AND(AH11<>"",'Official Results'!Q14<>""),IF(AH11='Official Results'!Q14,'Instructions & Rules'!$K$5,IF(AH11='Official Results'!Q13,'Instructions & Rules'!$K$6,0)),0)+IF(AND(AI11<>"",'Official Results'!Q15<>"",'Official Results'!U15="Yes"),IF(AI11='Official Results'!Q15,'Instructions & Rules'!$K$7,0),0)+IF(AND(AG11='Official Results'!Q13,AH11='Official Results'!Q14,'Official Results'!Q13<>"",'Official Results'!Q14<>""),'Instructions & Rules'!$K$8,0)+IF(AND(AG11='Official Results'!Q13,AH11='Official Results'!Q14,AI11='Official Results'!Q15,'Official Results'!U15="Yes"),'Instructions & Rules'!$K$9,0) -> 10 | AK11: =IF(AND(AG11<>"",'Official Results'!Q13<>"",AG11='Official Results'!Q13),1,0)+IF(AND(AH11<>"",'Official Results'!Q14<>"",AH11='Official Results'!Q14),1,0)+IF(AND(AI11<>"",'Official Results'!Q15<>"",'Official Results'!U15="Yes",AI11='Official Results'!Q15),1,0) -> 2 | AL11: Spain | AM11: Uruguay | AN11: Saudi Arabia | AO11: =IF(AND(AL11<>"",'Official Results'!X13<>""),IF(AL11='Official Results'!X13,'Instructions & Rules'!$K$4,IF(AL11='Official Results'!X14,'Instructions & Rules'!$K$6,0)),0)+IF(AND(AM11<>"",'Official Results'!X14<>""),IF(AM11='Official Results'!X14,'Instructions & Rules'!$K$5,IF(AM11='Official Results'!X13,'Instructions & Rules'!$K$6,0)),0)+IF(AND(AN11<>"",'Official Results'!X15<>"",'Official Results'!AB15="Yes"),IF(AN11='Official Results'!X15,'Instructions & Rules'!$K$7,0),0)+IF(AND(AL11='Official Results'!X13,AM11='Official Results'!X14,'Official Results'!X13<>"",'Official Results'!X14<>""),'Instructions & Rules'!$K$8,0)+IF(AND(AL11='Official Results'!X13,AM11='Official Results'!X14,AN11='Official Results'!X15,'Official Results'!AB15="Yes"),'Instructions & Rules'!$K$9,0) -> 4 | AP11: =IF(AND(AL11<>"",'Official Results'!X13<>"",AL11='Official Results'!X13),1,0)+IF(AND(AM11<>"",'Official Results'!X14<>"",AM11='Official Results'!X14),1,0)+IF(AND(AN11<>"",'Official Results'!X15<>"",'Official Results'!AB15="Yes",AN11='Official Results'!X15),1,0) -> 1 | AQ11: France | AR11: Norway | AS11: Senegal | AT11: =IF(AND(AQ11<>"",'Official Results'!C20<>""),IF(AQ11='Official Results'!C20,'Instructions & Rules'!$K$4,IF(AQ11='Official Results'!C21,'Instructions & Rules'!$K$6,0)),0)+IF(AND(AR11<>"",'Official Results'!C21<>""),IF(AR11='Official Results'!C21,'Instructions & Rules'!$K$5,IF(AR11='Official Results'!C20,'Instructions & Rules'!$K$6,0)),0)+IF(AND(AS11<>"",'Official Results'!C22<>"",'Official Results'!G22="Yes"),IF(AS11='Official Results'!C22,'Instructions & Rules'!$K$7,0),0)+IF(AND(AQ11='Official Results'!C20,AR11='Official Results'!C21,'Official Results'!C20<>"",'Official Results'!C21<>""),'Instructions & Rules'!$K$8,0)+IF(AND(AQ11='Official Results'!C20,AR11='Official Results'!C21,AS11='Official Results'!C22,'Official Results'!G22="Yes"),'Instructions & Rules'!$K$9,0) -> 15 | AU11: =IF(AND(AQ11<>"",'Official Results'!C20<>"",AQ11='Official Results'!C20),1,0)+IF(AND(AR11<>"",'Official Results'!C21<>"",AR11='Official Results'!C21),1,0)+IF(AND(AS11<>"",'Official Results'!C22<>"",'Official Results'!G22="Yes",AS11='Official Results'!C22),1,0) -> 3 | AV11: Argentina | AW11: Austria | AX11: Algeria | AY11: =IF(AND(AV11<>"",'Official Results'!J20<>""),IF(AV11='Official Results'!J20,'Instructions & Rules'!$K$4,IF(AV11='Official Results'!J21,'Instructions & Rules'!$K$6,0)),0)+IF(AND(AW11<>"",'Official Results'!J21<>""),IF(AW11='Official Results'!J21,'Instructions & Rules'!$K$5,IF(AW11='Official Results'!J20,'Instructions & Rules'!$K$6,0)),0)+IF(AND(AX11<>"",'Official Results'!J22<>"",'Official Results'!N22="Yes"),IF(AX11='Official Results'!J22,'Instructions & Rules'!$K$7,0),0)+IF(AND(AV11='Official Results'!J20,AW11='Official Results'!J21,'Official Results'!J20<>"",'Official Results'!J21<>""),'Instructions & Rules'!$K$8,0)+IF(AND(AV11='Official Results'!J20,AW11='Official Results'!J21,AX11='Official Results'!J22,'Official Results'!N22="Yes"),'Instructions & Rules'!$K$9,0) -> 15 | AZ11: =IF(AND(AV11<>"",'Official Results'!J20<>"",AV11='Official Results'!J20),1,0)+IF(AND(AW11<>"",'Official Results'!J21<>"",AW11='Official Results'!J21),1,0)+IF(AND(AX11<>"",'Official Results'!J22<>"",'Official Results'!N22="Yes",AX11='Official Results'!J22),1,0) -> 3 | BA11: Portugal | BB11: Colombia | BC11: Uzbekistan | BD11: =IF(AND(BA11<>"",'Official Results'!Q20<>""),IF(BA11='Official Results'!Q20,'Instructions & Rules'!$K$4,IF(BA11='Official Results'!Q21,'Instructions & Rules'!$K$6,0)),0)+IF(AND(BB11<>"",'Official Results'!Q21<>""),IF(BB11='Official Results'!Q21,'Instructions & Rules'!$K$5,IF(BB11='Official Results'!Q20,'Instructions & Rules'!$K$6,0)),0)+IF(AND(BC11<>"",'Official Results'!Q22<>"",'Official Results'!U22="Yes"),IF(BC11='Official Results'!Q22,'Instructions & Rules'!$K$7,0),0)+IF(AND(BA11='Official Results'!Q20,BB11='Official Results'!Q21,'Official Results'!Q20<>"",'Official Results'!Q21<>""),'Instructions & Rules'!$K$8,0)+IF(AND(BA11='Official Results'!Q20,BB11='Official Results'!Q21,BC11='Official Results'!Q22,'Official Results'!U22="Yes"),'Instructions & Rules'!$K$9,0) -> 2 | BE11: =IF(AND(BA11<>"",'Official Results'!Q20<>"",BA11='Official Results'!Q20),1,0)+IF(AND(BB11<>"",'Official Results'!Q21<>"",BB11='Official Results'!Q21),1,0)+IF(AND(BC11<>"",'Official Results'!Q22<>"",'Official Results'!U22="Yes",BC11='Official Results'!Q22),1,0) -> 0 | BF11: England | BG11: Croatia | BH11: Ghana | BI11: =IF(AND(BF11<>"",'Official Results'!X20<>""),IF(BF11='Official Results'!X20,'Instructions & Rules'!$K$4,IF(BF11='Official Results'!X21,'Instructions & Rules'!$K$6,0)),0)+IF(AND(BG11<>"",'Official Results'!X21<>""),IF(BG11='Official Results'!X21,'Instructions & Rules'!$K$5,IF(BG11='Official Results'!X20,'Instructions & Rules'!$K$6,0)),0)+IF(AND(BH11<>"",'Official Results'!X22<>"",'Official Results'!AB22="Yes"),IF(BH11='Official Results'!X22,'Instructions & Rules'!$K$7,0),0)+IF(AND(BF11='Official Results'!X20,BG11='Official Results'!X21,'Official Results'!X20<>"",'Official Results'!X21<>""),'Instructions & Rules'!$K$8,0)+IF(AND(BF11='Official Results'!X20,BG11='Official Results'!X21,BH11='Official Results'!X22,'Official Results'!AB22="Yes"),'Instructions & Rules'!$K$9,0) -> 15 | BJ11: =IF(AND(BF11<>"",'Official Results'!X20<>"",BF11='Official Results'!X20),1,0)+IF(AND(BG11<>"",'Official Results'!X21<>"",BG11='Official Results'!X21),1,0)+IF(AND(BH11<>"",'Official Results'!X22<>"",'Official Results'!AB22="Yes",BH11='Official Results'!X22),1,0) -> 3 | BK11: =SUM(F11,K11,P11,U11,Z11,AE11,AJ11,AO11,AT11,AY11,BD11,BI11) -> 108 | BL11: =SUM(G11,L11,Q11,V11,AA11,AF11,AK11,AP11,AU11,AZ11,BE11,BJ11) -> 22 | BM11: =SUM(COUNTIF(C11:E11,"<>"),COUNTIF(H11:J11,"<>"),COUNTIF(M11:O11,"<>"),COUNTIF(R11:T11,"<>"),COUNTIF(W11:Y11,"<>"),COUNTIF(AB11:AD11,"<>"),COUNTIF(AG11:AI11,"<>"),COUNTIF(AL11:AN11,"<>"),COUNTIF(AQ11:AS11,"<>"),COUNTIF(AV11:AX11,"<>"),COUNTIF(BA11:BC11,"<>"),COUNTIF(BF11:BH11,"<>"))/36 -> 1
A12: =IF(Players!B12="","",Players!B12) -> Affaninho | C12: South Africa | D12: Mexico | E12: Korea Republic | F12: =IF(AND(C12<>"",'Official Results'!C6<>""),IF(C12='Official Results'!C6,'Instructions & Rules'!$K$4,IF(C12='Official Results'!C7,'Instructions & Rules'!$K$6,0)),0)+IF(AND(D12<>"",'Official Results'!C7<>""),IF(D12='Official Results'!C7,'Instructions & Rules'!$K$5,IF(D12='Official Results'!C6,'Instructions & Rules'!$K$6,0)),0)+IF(AND(E12<>"",'Official Results'!C8<>"",'Official Results'!G8="Yes"),IF(E12='Official Results'!C8,'Instructions & Rules'!$K$7,0),0)+IF(AND(C12='Official Results'!C6,D12='Official Results'!C7,'Official Results'!C6<>"",'Official Results'!C7<>""),'Instructions & Rules'!$K$8,0)+IF(AND(C12='Official Results'!C6,D12='Official Results'!C7,E12='Official Results'!C8,'Official Results'!G8="Yes"),'Instructions & Rules'!$K$9,0) -> 2 | G12: =IF(AND(C12<>"",'Official Results'!C6<>"",C12='Official Results'!C6),1,0)+IF(AND(D12<>"",'Official Results'!C7<>"",D12='Official Results'!C7),1,0)+IF(AND(E12<>"",'Official Results'!C8<>"",'Official Results'!G8="Yes",E12='Official Results'!C8),1,0) -> 0 | H12: Canada | I12: Bosnia and Herzegovina | J12: Qatar | K12: =IF(AND(H12<>"",'Official Results'!J6<>""),IF(H12='Official Results'!J6,'Instructions & Rules'!$K$4,IF(H12='Official Results'!J7,'Instructions & Rules'!$K$6,0)),0)+IF(AND(I12<>"",'Official Results'!J7<>""),IF(I12='Official Results'!J7,'Instructions & Rules'!$K$5,IF(I12='Official Results'!J6,'Instructions & Rules'!$K$6,0)),0)+IF(AND(J12<>"",'Official Results'!J8<>"",'Official Results'!N8="Yes"),IF(J12='Official Results'!J8,'Instructions & Rules'!$K$7,0),0)+IF(AND(H12='Official Results'!J6,I12='Official Results'!J7,'Official Results'!J6<>"",'Official Results'!J7<>""),'Instructions & Rules'!$K$8,0)+IF(AND(H12='Official Results'!J6,I12='Official Results'!J7,J12='Official Results'!J8,'Official Results'!N8="Yes"),'Instructions & Rules'!$K$9,0) -> 1 | L12: =IF(AND(H12<>"",'Official Results'!J6<>"",H12='Official Results'!J6),1,0)+IF(AND(I12<>"",'Official Results'!J7<>"",I12='Official Results'!J7),1,0)+IF(AND(J12<>"",'Official Results'!J8<>"",'Official Results'!N8="Yes",J12='Official Results'!J8),1,0) -> 0 | M12: Morocco | N12: Brazil | O12: Scotland | P12: =IF(AND(M12<>"",'Official Results'!Q6<>""),IF(M12='Official Results'!Q6,'Instructions & Rules'!$K$4,IF(M12='Official Results'!Q7,'Instructions & Rules'!$K$6,0)),0)+IF(AND(N12<>"",'Official Results'!Q7<>""),IF(N12='Official Results'!Q7,'Instructions & Rules'!$K$5,IF(N12='Official Results'!Q6,'Instructions & Rules'!$K$6,0)),0)+IF(AND(O12<>"",'Official Results'!Q8<>"",'Official Results'!U8="Yes"),IF(O12='Official Results'!Q8,'Instructions & Rules'!$K$7,0),0)+IF(AND(M12='Official Results'!Q6,N12='Official Results'!Q7,'Official Results'!Q6<>"",'Official Results'!Q7<>""),'Instructions & Rules'!$K$8,0)+IF(AND(M12='Official Results'!Q6,N12='Official Results'!Q7,O12='Official Results'!Q8,'Official Results'!U8="Yes"),'Instructions & Rules'!$K$9,0) -> 2 | Q12: =IF(AND(M12<>"",'Official Results'!Q6<>"",M12='Official Results'!Q6),1,0)+IF(AND(N12<>"",'Official Results'!Q7<>"",N12='Official Results'!Q7),1,0)+IF(AND(O12<>"",'Official Results'!Q8<>"",'Official Results'!U8="Yes",O12='Official Results'!Q8),1,0) -> 0 | R12: United States | S12: Australia | T12: Türkiye | U12: =IF(AND(R12<>"",'Official Results'!X6<>""),IF(R12='Official Results'!X6,'Instructions & Rules'!$K$4,IF(R12='Official Results'!X7,'Instructions & Rules'!$K$6,0)),0)+IF(AND(S12<>"",'Official Results'!X7<>""),IF(S12='Official Results'!X7,'Instructions & Rules'!$K$5,IF(S12='Official Results'!X6,'Instructions & Rules'!$K$6,0)),0)+IF(AND(T12<>"",'Official Results'!X8<>"",'Official Results'!AB8="Yes"),IF(T12='Official Results'!X8,'Instructions & Rules'!$K$7,0),0)+IF(AND(R12='Official Results'!X6,S12='Official Results'!X7,'Official Results'!X6<>"",'Official Results'!X7<>""),'Instructions & Rules'!$K$8,0)+IF(AND(R12='Official Results'!X6,S12='Official Results'!X7,T12='Official Results'!X8,'Official Results'!AB8="Yes"),'Instructions & Rules'!$K$9,0) -> 10 | V12: =IF(AND(R12<>"",'Official Results'!X6<>"",R12='Official Results'!X6),1,0)+IF(AND(S12<>"",'Official Results'!X7<>"",S12='Official Results'!X7),1,0)+IF(AND(T12<>"",'Official Results'!X8<>"",'Official Results'!AB8="Yes",T12='Official Results'!X8),1,0) -> 2 | W12: Germany | X12: Ecuador | Y12: Côte d'Ivoire | Z12: =IF(AND(W12<>"",'Official Results'!C13<>""),IF(W12='Official Results'!C13,'Instructions & Rules'!$K$4,IF(W12='Official Results'!C14,'Instructions & Rules'!$K$6,0)),0)+IF(AND(X12<>"",'Official Results'!C14<>""),IF(X12='Official Results'!C14,'Instructions & Rules'!$K$5,IF(X12='Official Results'!C13,'Instructions & Rules'!$K$6,0)),0)+IF(AND(Y12<>"",'Official Results'!C15<>"",'Official Results'!G15="Yes"),IF(Y12='Official Results'!C15,'Instructions & Rules'!$K$7,0),0)+IF(AND(W12='Official Results'!C13,X12='Official Results'!C14,'Official Results'!C13<>"",'Official Results'!C14<>""),'Instructions & Rules'!$K$8,0)+IF(AND(W12='Official Results'!C13,X12='Official Results'!C14,Y12='Official Results'!C15,'Official Results'!G15="Yes"),'Instructions & Rules'!$K$9,0) -> 4 | AA12: =IF(AND(W12<>"",'Official Results'!C13<>"",W12='Official Results'!C13),1,0)+IF(AND(X12<>"",'Official Results'!C14<>"",X12='Official Results'!C14),1,0)+IF(AND(Y12<>"",'Official Results'!C15<>"",'Official Results'!G15="Yes",Y12='Official Results'!C15),1,0) -> 1 | AB12: Netherlands | AC12: Japan | AD12: Sweden | AE12: =IF(AND(AB12<>"",'Official Results'!J13<>""),IF(AB12='Official Results'!J13,'Instructions & Rules'!$K$4,IF(AB12='Official Results'!J14,'Instructions & Rules'!$K$6,0)),0)+IF(AND(AC12<>"",'Official Results'!J14<>""),IF(AC12='Official Results'!J14,'Instructions & Rules'!$K$5,IF(AC12='Official Results'!J13,'Instructions & Rules'!$K$6,0)),0)+IF(AND(AD12<>"",'Official Results'!J15<>"",'Official Results'!N15="Yes"),IF(AD12='Official Results'!J15,'Instructions & Rules'!$K$7,0),0)+IF(AND(AB12='Official Results'!J13,AC12='Official Results'!J14,'Official Results'!J13<>"",'Official Results'!J14<>""),'Instructions & Rules'!$K$8,0)+IF(AND(AB12='Official Results'!J13,AC12='Official Results'!J14,AD12='Official Results'!J15,'Official Results'!N15="Yes"),'Instructions & Rules'!$K$9,0) -> 15 | AF12: =IF(AND(AB12<>"",'Official Results'!J13<>"",AB12='Official Results'!J13),1,0)+IF(AND(AC12<>"",'Official Results'!J14<>"",AC12='Official Results'!J14),1,0)+IF(AND(AD12<>"",'Official Results'!J15<>"",'Official Results'!N15="Yes",AD12='Official Results'!J15),1,0) -> 3 | AG12: Belgium | AH12: Egypt | AI12: New Zealand | AJ12: =IF(AND(AG12<>"",'Official Results'!Q13<>""),IF(AG12='Official Results'!Q13,'Instructions & Rules'!$K$4,IF(AG12='Official Results'!Q14,'Instructions & Rules'!$K$6,0)),0)+IF(AND(AH12<>"",'Official Results'!Q14<>""),IF(AH12='Official Results'!Q14,'Instructions & Rules'!$K$5,IF(AH12='Official Results'!Q13,'Instructions & Rules'!$K$6,0)),0)+IF(AND(AI12<>"",'Official Results'!Q15<>"",'Official Results'!U15="Yes"),IF(AI12='Official Results'!Q15,'Instructions & Rules'!$K$7,0),0)+IF(AND(AG12='Official Results'!Q13,AH12='Official Results'!Q14,'Official Results'!Q13<>"",'Official Results'!Q14<>""),'Instructions & Rules'!$K$8,0)+IF(AND(AG12='Official Results'!Q13,AH12='Official Results'!Q14,AI12='Official Results'!Q15,'Official Results'!U15="Yes"),'Instructions & Rules'!$K$9,0) -> 10 | AK12: =IF(AND(AG12<>"",'Official Results'!Q13<>"",AG12='Official Results'!Q13),1,0)+IF(AND(AH12<>"",'Official Results'!Q14<>"",AH12='Official Results'!Q14),1,0)+IF(AND(AI12<>"",'Official Results'!Q15<>"",'Official Results'!U15="Yes",AI12='Official Results'!Q15),1,0) -> 2 | AL12: Spain | AM12: Uruguay | AN12: Saudi Arabia | AO12: =IF(AND(AL12<>"",'Official Results'!X13<>""),IF(AL12='Official Results'!X13,'Instructions & Rules'!$K$4,IF(AL12='Official Results'!X14,'Instructions & Rules'!$K$6,0)),0)+IF(AND(AM12<>"",'Official Results'!X14<>""),IF(AM12='Official Results'!X14,'Instructions & Rules'!$K$5,IF(AM12='Official Results'!X13,'Instructions & Rules'!$K$6,0)),0)+IF(AND(AN12<>"",'Official Results'!X15<>"",'Official Results'!AB15="Yes"),IF(AN12='Official Results'!X15,'Instructions & Rules'!$K$7,0),0)+IF(AND(AL12='Official Results'!X13,AM12='Official Results'!X14,'Official Results'!X13<>"",'Official Results'!X14<>""),'Instructions & Rules'!$K$8,0)+IF(AND(AL12='Official Results'!X13,AM12='Official Results'!X14,AN12='Official Results'!X15,'Official Results'!AB15="Yes"),'Instructions & Rules'!$K$9,0) -> 4 | AP12: =IF(AND(AL12<>"",'Official Results'!X13<>"",AL12='Official Results'!X13),1,0)+IF(AND(AM12<>"",'Official Results'!X14<>"",AM12='Official Results'!X14),1,0)+IF(AND(AN12<>"",'Official Results'!X15<>"",'Official Results'!AB15="Yes",AN12='Official Results'!X15),1,0) -> 1 | AQ12: France | AR12: Senegal | AS12: Norway | AT12: =IF(AND(AQ12<>"",'Official Results'!C20<>""),IF(AQ12='Official Results'!C20,'Instructions & Rules'!$K$4,IF(AQ12='Official Results'!C21,'Instructions & Rules'!$K$6,0)),0)+IF(AND(AR12<>"",'Official Results'!C21<>""),IF(AR12='Official Results'!C21,'Instructions & Rules'!$K$5,IF(AR12='Official Results'!C20,'Instructions & Rules'!$K$6,0)),0)+IF(AND(AS12<>"",'Official Results'!C22<>"",'Official Results'!G22="Yes"),IF(AS12='Official Results'!C22,'Instructions & Rules'!$K$7,0),0)+IF(AND(AQ12='Official Results'!C20,AR12='Official Results'!C21,'Official Results'!C20<>"",'Official Results'!C21<>""),'Instructions & Rules'!$K$8,0)+IF(AND(AQ12='Official Results'!C20,AR12='Official Results'!C21,AS12='Official Results'!C22,'Official Results'!G22="Yes"),'Instructions & Rules'!$K$9,0) -> 4 | AU12: =IF(AND(AQ12<>"",'Official Results'!C20<>"",AQ12='Official Results'!C20),1,0)+IF(AND(AR12<>"",'Official Results'!C21<>"",AR12='Official Results'!C21),1,0)+IF(AND(AS12<>"",'Official Results'!C22<>"",'Official Results'!G22="Yes",AS12='Official Results'!C22),1,0) -> 1 | AV12: Argentina | AW12: Austria | AX12: Algeria | AY12: =IF(AND(AV12<>"",'Official Results'!J20<>""),IF(AV12='Official Results'!J20,'Instructions & Rules'!$K$4,IF(AV12='Official Results'!J21,'Instructions & Rules'!$K$6,0)),0)+IF(AND(AW12<>"",'Official Results'!J21<>""),IF(AW12='Official Results'!J21,'Instructions & Rules'!$K$5,IF(AW12='Official Results'!J20,'Instructions & Rules'!$K$6,0)),0)+IF(AND(AX12<>"",'Official Results'!J22<>"",'Official Results'!N22="Yes"),IF(AX12='Official Results'!J22,'Instructions & Rules'!$K$7,0),0)+IF(AND(AV12='Official Results'!J20,AW12='Official Results'!J21,'Official Results'!J20<>"",'Official Results'!J21<>""),'Instructions & Rules'!$K$8,0)+IF(AND(AV12='Official Results'!J20,AW12='Official Results'!J21,AX12='Official Results'!J22,'Official Results'!N22="Yes"),'Instructions & Rules'!$K$9,0) -> 15 | AZ12: =IF(AND(AV12<>"",'Official Results'!J20<>"",AV12='Official Results'!J20),1,0)+IF(AND(AW12<>"",'Official Results'!J21<>"",AW12='Official Results'!J21),1,0)+IF(AND(AX12<>"",'Official Results'!J22<>"",'Official Results'!N22="Yes",AX12='Official Results'!J22),1,0) -> 3 | BA12: Portugal | BB12: Colombia | BC12: Uzbekistan | BD12: =IF(AND(BA12<>"",'Official Results'!Q20<>""),IF(BA12='Official Results'!Q20,'Instructions & Rules'!$K$4,IF(BA12='Official Results'!Q21,'Instructions & Rules'!$K$6,0)),0)+IF(AND(BB12<>"",'Official Results'!Q21<>""),IF(BB12='Official Results'!Q21,'Instructions & Rules'!$K$5,IF(BB12='Official Results'!Q20,'Instructions & Rules'!$K$6,0)),0)+IF(AND(BC12<>"",'Official Results'!Q22<>"",'Official Results'!U22="Yes"),IF(BC12='Official Results'!Q22,'Instructions & Rules'!$K$7,0),0)+IF(AND(BA12='Official Results'!Q20,BB12='Official Results'!Q21,'Official Results'!Q20<>"",'Official Results'!Q21<>""),'Instructions & Rules'!$K$8,0)+IF(AND(BA12='Official Results'!Q20,BB12='Official Results'!Q21,BC12='Official Results'!Q22,'Official Results'!U22="Yes"),'Instructions & Rules'!$K$9,0) -> 2 | BE12: =IF(AND(BA12<>"",'Official Results'!Q20<>"",BA12='Official Results'!Q20),1,0)+IF(AND(BB12<>"",'Official Results'!Q21<>"",BB12='Official Results'!Q21),1,0)+IF(AND(BC12<>"",'Official Results'!Q22<>"",'Official Results'!U22="Yes",BC12='Official Results'!Q22),1,0) -> 0 | BF12: England | BG12: Croatia | BH12: Ghana | BI12: =IF(AND(BF12<>"",'Official Results'!X20<>""),IF(BF12='Official Results'!X20,'Instructions & Rules'!$K$4,IF(BF12='Official Results'!X21,'Instructions & Rules'!$K$6,0)),0)+IF(AND(BG12<>"",'Official Results'!X21<>""),IF(BG12='Official Results'!X21,'Instructions & Rules'!$K$5,IF(BG12='Official Results'!X20,'Instructions & Rules'!$K$6,0)),0)+IF(AND(BH12<>"",'Official Results'!X22<>"",'Official Results'!AB22="Yes"),IF(BH12='Official Results'!X22,'Instructions & Rules'!$K$7,0),0)+IF(AND(BF12='Official Results'!X20,BG12='Official Results'!X21,'Official Results'!X20<>"",'Official Results'!X21<>""),'Instructions & Rules'!$K$8,0)+IF(AND(BF12='Official Results'!X20,BG12='Official Results'!X21,BH12='Official Results'!X22,'Official Results'!AB22="Yes"),'Instructions & Rules'!$K$9,0) -> 15 | BJ12: =IF(AND(BF12<>"",'Official Results'!X20<>"",BF12='Official Results'!X20),1,0)+IF(AND(BG12<>"",'Official Results'!X21<>"",BG12='Official Results'!X21),1,0)+IF(AND(BH12<>"",'Official Results'!X22<>"",'Official Results'!AB22="Yes",BH12='Official Results'!X22),1,0) -> 3 | BK12: =SUM(F12,K12,P12,U12,Z12,AE12,AJ12,AO12,AT12,AY12,BD12,BI12) -> 84 | BL12: =SUM(G12,L12,Q12,V12,AA12,AF12,AK12,AP12,AU12,AZ12,BE12,BJ12) -> 16 | BM12: =SUM(COUNTIF(C12:E12,"<>"),COUNTIF(H12:J12,"<>"),COUNTIF(M12:O12,"<>"),COUNTIF(R12:T12,"<>"),COUNTIF(W12:Y12,"<>"),COUNTIF(AB12:AD12,"<>"),COUNTIF(AG12:AI12,"<>"),COUNTIF(AL12:AN12,"<>"),COUNTIF(AQ12:AS12,"<>"),COUNTIF(AV12:AX12,"<>"),COUNTIF(BA12:BC12,"<>"),COUNTIF(BF12:BH12,"<>"))/36 -> 1
